-- phpMyAdmin SQL Dump
-- version 4.6.5.2
-- https://www.phpmyadmin.net/
--
-- Host: 127.0.0.1
-- Generation Time: 29 Jan 2018 pada 04.10
-- Versi Server: 10.1.21-MariaDB
-- PHP Version: 7.1.2

SET SQL_MODE = "NO_AUTO_VALUE_ON_ZERO";
SET time_zone = "+00:00";


/*!40101 SET @OLD_CHARACTER_SET_CLIENT=@@CHARACTER_SET_CLIENT */;
/*!40101 SET @OLD_CHARACTER_SET_RESULTS=@@CHARACTER_SET_RESULTS */;
/*!40101 SET @OLD_COLLATION_CONNECTION=@@COLLATION_CONNECTION */;
/*!40101 SET NAMES utf8mb4 */;

--
-- Database: `naskah`
--

-- --------------------------------------------------------

--
-- Struktur dari tabel `bagian`
--

CREATE TABLE `bagian` (
  `id_bagian` char(8) NOT NULL,
  `bagian` varchar(20) NOT NULL
) ENGINE=InnoDB DEFAULT CHARSET=latin1;

--
-- Dumping data untuk tabel `bagian`
--

INSERT INTO `bagian` (`id_bagian`, `bagian`) VALUES
('B-0001', 'Swalayan'),
('B-0002', 'Alat Rumah Tangga'),
('B-0003', 'Kosmetik'),
('B-0004', 'Roti Basah'),
('B-0005', 'Alat Tulis'),
('B-0006', 'Gudang'),
('B-0007', 'Busana'),
('B-0008', 'Kasir'),
('B-0009', 'All');

-- --------------------------------------------------------

--
-- Struktur dari tabel `bobot_penilaian`
--

CREATE TABLE `bobot_penilaian` (
  `id_bobot` int(11) NOT NULL,
  `id_bagian` char(8) DEFAULT NULL,
  `jabatan` enum('manager','HRD','koordinator','karyawan') DEFAULT NULL,
  `status` tinyint(1) NOT NULL
) ENGINE=InnoDB DEFAULT CHARSET=latin1;

--
-- Dumping data untuk tabel `bobot_penilaian`
--

INSERT INTO `bobot_penilaian` (`id_bobot`, `id_bagian`, `jabatan`, `status`) VALUES
(17, 'B-0001', 'koordinator', 1),
(18, 'B-0001', 'karyawan', 1),
(19, 'B-0002', 'koordinator', 1),
(20, 'B-0002', 'karyawan', 1),
(21, 'B-0003', 'koordinator', 1),
(22, 'B-0003', 'karyawan', 1),
(23, 'B-0004', 'koordinator', 1),
(24, 'B-0004', 'karyawan', 1),
(25, 'B-0005', 'koordinator', 1),
(26, 'B-0005', 'karyawan', 1),
(27, 'B-0006', 'koordinator', 1),
(28, 'B-0006', 'karyawan', 1),
(29, 'B-0007', 'koordinator', 1),
(30, 'B-0007', 'karyawan', 1),
(31, 'B-0008', 'koordinator', 1),
(32, 'B-0008', 'karyawan', 1);

-- --------------------------------------------------------

--
-- Struktur dari tabel `detail_bobot`
--

CREATE TABLE `detail_bobot` (
  `id_detailbobot` int(11) NOT NULL,
  `id_bobot` int(11) DEFAULT NULL,
  `id_kriteria` char(50) DEFAULT NULL,
  `bobot` int(11) DEFAULT NULL,
  `akumulasi` decimal(10,2) DEFAULT NULL
) ENGINE=InnoDB DEFAULT CHARSET=latin1;

--
-- Dumping data untuk tabel `detail_bobot`
--

INSERT INTO `detail_bobot` (`id_detailbobot`, `id_bobot`, `id_kriteria`, `bobot`, `akumulasi`) VALUES
(101, 17, 'K-0001', 3, '7.50'),
(102, 17, 'K-0002', 4, '10.00'),
(103, 17, 'K-0003', 4, '10.00'),
(104, 17, 'K-0004', 5, '12.50'),
(105, 17, 'K-0005', 5, '12.50'),
(106, 17, 'K-0006', 4, '10.00'),
(107, 17, 'K-0007', 4, '10.00'),
(108, 17, 'K-0008', 4, '10.00'),
(109, 17, 'K-0009', 3, '7.50'),
(110, 17, 'K-0010', 4, '10.00'),
(111, 18, 'K-0001', 3, '7.50'),
(112, 18, 'K-0002', 4, '10.00'),
(113, 18, 'K-0003', 4, '10.00'),
(114, 18, 'K-0004', 5, '12.50'),
(115, 18, 'K-0005', 5, '12.50'),
(116, 18, 'K-0006', 4, '10.00'),
(117, 18, 'K-0007', 4, '10.00'),
(118, 18, 'K-0008', 4, '10.00'),
(119, 18, 'K-0009', 3, '7.50'),
(120, 18, 'K-0010', 4, '10.00'),
(121, 19, 'K-0001', 4, '10.00'),
(122, 19, 'K-0002', 3, '7.50'),
(123, 19, 'K-0003', 4, '10.00'),
(124, 19, 'K-0004', 5, '12.50'),
(125, 19, 'K-0005', 5, '12.50'),
(126, 19, 'K-0006', 4, '10.00'),
(127, 19, 'K-0007', 4, '10.00'),
(128, 19, 'K-0008', 4, '10.00'),
(129, 19, 'K-0009', 3, '7.50'),
(130, 19, 'K-0010', 4, '10.00'),
(131, 20, 'K-0001', 4, '10.00'),
(132, 20, 'K-0002', 3, '7.50'),
(133, 20, 'K-0003', 4, '10.00'),
(134, 20, 'K-0004', 5, '12.50'),
(135, 20, 'K-0005', 5, '12.50'),
(136, 20, 'K-0006', 4, '10.00'),
(137, 20, 'K-0007', 4, '10.00'),
(138, 20, 'K-0008', 4, '10.00'),
(139, 20, 'K-0009', 3, '7.50'),
(140, 20, 'K-0010', 4, '10.00'),
(141, 21, 'K-0001', 4, '9.52'),
(142, 21, 'K-0002', 4, '9.52'),
(143, 21, 'K-0003', 4, '9.52'),
(144, 21, 'K-0004', 5, '11.90'),
(145, 21, 'K-0005', 5, '11.90'),
(146, 21, 'K-0006', 4, '9.52'),
(147, 21, 'K-0007', 4, '9.52'),
(148, 21, 'K-0008', 4, '9.52'),
(149, 21, 'K-0009', 4, '9.52'),
(150, 21, 'K-0010', 4, '9.52'),
(151, 22, 'K-0001', 4, '9.52'),
(152, 22, 'K-0002', 4, '9.52'),
(153, 22, 'K-0003', 4, '9.52'),
(154, 22, 'K-0004', 5, '11.90'),
(155, 22, 'K-0005', 5, '11.90'),
(156, 22, 'K-0006', 4, '9.52'),
(157, 22, 'K-0007', 4, '9.52'),
(158, 22, 'K-0008', 4, '9.52'),
(159, 22, 'K-0009', 4, '9.52'),
(160, 22, 'K-0010', 4, '9.52'),
(161, 23, 'K-0001', 3, '7.50'),
(162, 23, 'K-0002', 4, '10.00'),
(163, 23, 'K-0003', 4, '10.00'),
(164, 23, 'K-0004', 5, '12.50'),
(165, 23, 'K-0005', 5, '12.50'),
(166, 23, 'K-0006', 4, '10.00'),
(167, 23, 'K-0007', 4, '10.00'),
(168, 23, 'K-0008', 3, '7.50'),
(169, 23, 'K-0009', 4, '10.00'),
(170, 23, 'K-0010', 4, '10.00'),
(171, 24, 'K-0001', 3, '7.50'),
(172, 24, 'K-0002', 4, '10.00'),
(173, 24, 'K-0003', 4, '10.00'),
(174, 24, 'K-0004', 5, '12.50'),
(175, 24, 'K-0005', 5, '12.50'),
(176, 24, 'K-0006', 4, '10.00'),
(177, 24, 'K-0007', 4, '10.00'),
(178, 24, 'K-0008', 3, '7.50'),
(179, 24, 'K-0009', 4, '10.00'),
(180, 24, 'K-0010', 4, '10.00'),
(181, 25, 'K-0001', 4, '9.52'),
(182, 25, 'K-0002', 4, '9.52'),
(183, 25, 'K-0003', 4, '9.52'),
(184, 25, 'K-0004', 5, '11.90'),
(185, 25, 'K-0005', 5, '11.90'),
(186, 25, 'K-0006', 4, '9.52'),
(187, 25, 'K-0007', 4, '9.52'),
(188, 25, 'K-0008', 4, '9.52'),
(189, 25, 'K-0009', 4, '9.52'),
(190, 25, 'K-0010', 4, '9.52'),
(191, 26, 'K-0001', 4, '9.52'),
(192, 26, 'K-0002', 4, '9.52'),
(193, 26, 'K-0003', 4, '9.52'),
(194, 26, 'K-0004', 5, '11.90'),
(195, 26, 'K-0005', 5, '11.90'),
(196, 26, 'K-0006', 4, '9.52'),
(197, 26, 'K-0007', 4, '9.52'),
(198, 26, 'K-0008', 4, '9.52'),
(199, 26, 'K-0009', 4, '9.52'),
(200, 26, 'K-0010', 4, '9.52'),
(201, 27, 'K-0001', 3, '7.14'),
(202, 27, 'K-0002', 4, '9.52'),
(203, 27, 'K-0003', 5, '11.90'),
(204, 27, 'K-0004', 5, '11.90'),
(205, 27, 'K-0005', 5, '11.90'),
(206, 27, 'K-0006', 4, '9.52'),
(207, 27, 'K-0007', 4, '9.52'),
(208, 27, 'K-0008', 4, '9.52'),
(209, 27, 'K-0009', 4, '9.52'),
(210, 27, 'K-0010', 4, '9.52'),
(211, 28, 'K-0001', 3, '7.14'),
(212, 28, 'K-0002', 4, '9.52'),
(213, 28, 'K-0003', 5, '11.90'),
(214, 28, 'K-0004', 5, '11.90'),
(215, 28, 'K-0005', 5, '11.90'),
(216, 28, 'K-0006', 4, '9.52'),
(217, 28, 'K-0007', 4, '9.52'),
(218, 28, 'K-0008', 4, '9.52'),
(219, 28, 'K-0009', 4, '9.52'),
(220, 28, 'K-0010', 4, '9.52'),
(221, 29, 'K-0001', 4, '9.52'),
(222, 29, 'K-0002', 4, '9.52'),
(223, 29, 'K-0003', 5, '11.90'),
(224, 29, 'K-0004', 5, '11.90'),
(225, 29, 'K-0005', 5, '11.90'),
(226, 29, 'K-0006', 4, '9.52'),
(227, 29, 'K-0007', 4, '9.52'),
(228, 29, 'K-0008', 3, '7.14'),
(229, 29, 'K-0009', 4, '9.52'),
(230, 29, 'K-0010', 4, '9.52'),
(231, 30, 'K-0001', 4, '9.52'),
(232, 30, 'K-0002', 4, '9.52'),
(233, 30, 'K-0003', 5, '11.90'),
(234, 30, 'K-0004', 5, '11.90'),
(235, 30, 'K-0005', 5, '11.90'),
(236, 30, 'K-0006', 4, '9.52'),
(237, 30, 'K-0007', 4, '9.52'),
(238, 30, 'K-0008', 3, '7.14'),
(239, 30, 'K-0009', 4, '9.52'),
(240, 30, 'K-0010', 4, '9.52'),
(241, 31, 'K-0001', 4, '10.00'),
(242, 31, 'K-0002', 4, '10.00'),
(243, 31, 'K-0003', 3, '7.50'),
(244, 31, 'K-0004', 5, '12.50'),
(245, 31, 'K-0005', 5, '12.50'),
(246, 31, 'K-0006', 4, '10.00'),
(247, 31, 'K-0007', 4, '10.00'),
(248, 31, 'K-0008', 4, '10.00'),
(249, 31, 'K-0009', 3, '7.50'),
(250, 31, 'K-0010', 4, '10.00'),
(251, 32, 'K-0001', 4, '10.00'),
(252, 32, 'K-0002', 4, '10.00'),
(253, 32, 'K-0003', 3, '7.50'),
(254, 32, 'K-0004', 5, '12.50'),
(255, 32, 'K-0005', 5, '12.50'),
(256, 32, 'K-0006', 4, '10.00'),
(257, 32, 'K-0007', 4, '10.00'),
(258, 32, 'K-0008', 4, '10.00'),
(259, 32, 'K-0009', 3, '7.50'),
(260, 32, 'K-0010', 4, '10.00');

-- --------------------------------------------------------

--
-- Struktur dari tabel `detail_penilaian`
--

CREATE TABLE `detail_penilaian` (
  `id_detailnilai` int(11) NOT NULL,
  `id_nilai` int(11) DEFAULT NULL,
  `id_detailbobot` int(11) DEFAULT NULL,
  `nilai` int(11) DEFAULT NULL
) ENGINE=InnoDB DEFAULT CHARSET=latin1;

--
-- Dumping data untuk tabel `detail_penilaian`
--

INSERT INTO `detail_penilaian` (`id_detailnilai`, `id_nilai`, `id_detailbobot`, `nilai`) VALUES
(194, 26, 241, 70),
(195, 26, 242, 75),
(196, 26, 243, 2),
(197, 26, 244, 80),
(198, 26, 245, 80),
(199, 26, 246, 85),
(200, 26, 247, 80),
(201, 26, 248, 70),
(202, 26, 249, 65),
(203, 26, 250, 85),
(204, 27, 251, 65),
(205, 27, 252, 80),
(206, 27, 253, 2),
(207, 27, 254, 75),
(208, 27, 255, 80),
(209, 27, 256, 70),
(210, 27, 257, 80),
(211, 27, 258, 65),
(212, 27, 259, 85),
(213, 27, 260, 80),
(214, 28, 251, 85),
(215, 28, 252, 70),
(216, 28, 253, 1),
(217, 28, 254, 70),
(218, 28, 255, 75),
(219, 28, 256, 70),
(220, 28, 257, 85),
(221, 28, 258, 75),
(222, 28, 259, 85),
(223, 28, 260, 70),
(224, 29, 251, 75),
(225, 29, 252, 80),
(226, 29, 253, 1),
(227, 29, 254, 75),
(228, 29, 255, 75),
(229, 29, 256, 80),
(230, 29, 257, 75),
(231, 29, 258, 70),
(232, 29, 259, 85),
(233, 29, 260, 60),
(234, 30, 251, 80),
(235, 30, 252, 75),
(236, 30, 253, 3),
(237, 30, 254, 85),
(238, 30, 255, 70),
(239, 30, 256, 75),
(240, 30, 257, 70),
(241, 30, 258, 75),
(242, 30, 259, 65),
(243, 30, 260, 75),
(244, 31, 121, 75),
(245, 31, 122, 80),
(246, 31, 123, 1),
(247, 31, 124, 75),
(248, 31, 125, 75),
(249, 31, 126, 90),
(250, 31, 127, 75),
(251, 31, 128, 85),
(252, 31, 129, 85),
(253, 31, 130, 75),
(254, 32, 131, 70),
(255, 32, 132, 65),
(256, 32, 133, 2),
(257, 32, 134, 80),
(258, 32, 135, 80),
(259, 32, 136, 65),
(260, 32, 137, 80),
(261, 32, 138, 70),
(262, 32, 139, 75),
(263, 32, 140, 85),
(264, 33, 131, 65),
(265, 33, 132, 70),
(266, 33, 133, 1),
(267, 33, 134, 70),
(268, 33, 135, 65),
(269, 33, 136, 70),
(270, 33, 137, 85),
(271, 33, 138, 80),
(272, 33, 139, 85),
(273, 33, 140, 65),
(274, 34, 131, 80),
(275, 34, 132, 75),
(276, 34, 133, 3),
(277, 34, 134, 85),
(278, 34, 135, 70),
(279, 34, 136, 85),
(280, 34, 137, 70),
(281, 34, 138, 75),
(282, 34, 139, 75),
(283, 34, 140, 75),
(284, 35, 131, 65),
(285, 35, 132, 80),
(286, 35, 133, 2),
(287, 35, 134, 75),
(288, 35, 135, 80),
(289, 35, 136, 70),
(290, 35, 137, 80),
(291, 35, 138, 65),
(292, 35, 139, 85),
(293, 35, 140, 80),
(294, 36, 141, 75),
(295, 36, 142, 80),
(296, 36, 143, 1),
(297, 36, 144, 75),
(298, 36, 145, 75),
(299, 36, 146, 80),
(300, 36, 147, 80),
(301, 36, 148, 85),
(302, 36, 149, 85),
(303, 36, 150, 80),
(304, 37, 151, 70),
(305, 37, 152, 70),
(306, 37, 153, 2),
(307, 37, 154, 60),
(308, 37, 155, 80),
(309, 37, 156, 65),
(310, 37, 157, 80),
(311, 37, 158, 70),
(312, 37, 159, 60),
(313, 37, 160, 85),
(314, 38, 151, 70),
(315, 38, 152, 70),
(316, 38, 153, 1),
(317, 38, 154, 70),
(318, 38, 155, 70),
(319, 38, 156, 70),
(320, 38, 157, 85),
(321, 38, 158, 60),
(322, 38, 159, 85),
(323, 38, 160, 65),
(324, 39, 151, 80),
(325, 39, 152, 75),
(326, 39, 153, 3),
(327, 39, 154, 85),
(328, 39, 155, 70),
(329, 39, 156, 85),
(330, 39, 157, 70),
(331, 39, 158, 75),
(332, 39, 159, 65),
(333, 39, 160, 75),
(334, 40, 151, 70),
(335, 40, 152, 80),
(336, 40, 153, 2),
(337, 40, 154, 75),
(338, 40, 155, 70),
(339, 40, 156, 70),
(340, 40, 157, 80),
(341, 40, 158, 80),
(342, 40, 159, 85),
(343, 40, 160, 65),
(344, 41, 161, 75),
(345, 41, 162, 80),
(346, 41, 163, 1),
(347, 41, 164, 75),
(348, 41, 165, 75),
(349, 41, 166, 60),
(350, 41, 167, 75),
(351, 41, 168, 85),
(352, 41, 169, 85),
(353, 41, 170, 80),
(354, 42, 171, 70),
(355, 42, 172, 85),
(356, 42, 173, 2),
(357, 42, 174, 60),
(358, 42, 175, 80),
(359, 42, 176, 85),
(360, 42, 177, 80),
(361, 42, 178, 70),
(362, 42, 179, 85),
(363, 42, 180, 85),
(364, 43, 171, 60),
(365, 43, 172, 70),
(366, 43, 173, 3),
(367, 43, 174, 70),
(368, 43, 175, 85),
(369, 43, 176, 70),
(370, 43, 177, 85),
(371, 43, 178, 80),
(372, 43, 179, 85),
(373, 43, 180, 60),
(374, 44, 171, 80),
(375, 44, 172, 75),
(376, 44, 173, 3),
(377, 44, 174, 85),
(378, 44, 175, 70),
(379, 44, 176, 85),
(380, 44, 177, 70),
(381, 44, 178, 75),
(382, 44, 179, 60),
(383, 44, 180, 75),
(384, 45, 171, 60),
(385, 45, 172, 80),
(386, 45, 173, 2),
(387, 45, 174, 75),
(388, 45, 175, 70),
(389, 45, 176, 70),
(390, 45, 177, 80),
(391, 45, 178, 60),
(392, 45, 179, 85),
(393, 45, 180, 80),
(394, 46, 181, 75),
(395, 46, 182, 85),
(396, 46, 183, 1),
(397, 46, 184, 75),
(398, 46, 185, 75),
(399, 46, 186, 66),
(400, 46, 187, 80),
(401, 46, 188, 66),
(402, 46, 189, 75),
(403, 46, 190, 75),
(404, 47, 191, 70),
(405, 47, 192, 78),
(406, 47, 193, 2),
(407, 47, 194, 80),
(408, 47, 195, 80),
(409, 47, 196, 77),
(410, 47, 197, 88),
(411, 47, 198, 70),
(412, 47, 199, 85),
(413, 47, 200, 70),
(414, 48, 191, 85),
(415, 48, 192, 80),
(416, 48, 193, 1),
(417, 48, 194, 70),
(418, 48, 195, 85),
(419, 48, 196, 70),
(420, 48, 197, 75),
(421, 48, 198, 85),
(422, 48, 199, 70),
(423, 48, 200, 65),
(424, 49, 191, 80),
(425, 49, 192, 70),
(426, 49, 193, 3),
(427, 49, 194, 85),
(428, 49, 195, 70),
(429, 49, 196, 80),
(430, 49, 197, 70),
(431, 49, 198, 80),
(432, 49, 199, 80),
(433, 49, 200, 75),
(434, 50, 191, 80),
(435, 50, 192, 80),
(436, 50, 193, 2),
(437, 50, 194, 75),
(438, 50, 195, 80),
(439, 50, 196, 70),
(440, 50, 197, 85),
(441, 50, 198, 77),
(442, 50, 199, 85),
(443, 50, 200, 80),
(444, 51, 201, 80),
(445, 51, 202, 80),
(446, 51, 203, 1),
(447, 51, 204, 85),
(448, 51, 205, 75),
(449, 51, 206, 70),
(450, 51, 207, 75),
(451, 51, 208, 80),
(452, 51, 209, 75),
(453, 51, 210, 80),
(454, 52, 211, 75),
(455, 52, 212, 85),
(456, 52, 213, 2),
(457, 52, 214, 70),
(458, 52, 215, 80),
(459, 52, 216, 80),
(460, 52, 217, 80),
(461, 52, 218, 75),
(462, 52, 219, 85),
(463, 52, 220, 85),
(474, 54, 211, 75),
(475, 54, 212, 75),
(476, 54, 214, 85),
(477, 54, 215, 70),
(478, 54, 216, 85),
(479, 54, 217, 70),
(480, 54, 218, 80),
(481, 54, 219, 85),
(482, 54, 220, 75),
(483, 55, 211, 80),
(484, 55, 212, 80),
(485, 55, 213, 2),
(486, 55, 214, 80),
(487, 55, 215, 80),
(488, 55, 216, 80),
(489, 55, 217, 80),
(490, 55, 218, 70),
(491, 55, 219, 70),
(492, 55, 220, 80),
(493, 56, 221, 75),
(494, 56, 222, 80),
(495, 56, 223, 1),
(496, 56, 224, 75),
(497, 56, 225, 75),
(498, 56, 226, 80),
(499, 56, 227, 75),
(500, 56, 228, 85),
(501, 56, 229, 85),
(502, 56, 230, 80),
(503, 57, 231, 70),
(504, 57, 232, 85),
(505, 57, 233, 2),
(506, 57, 234, 80),
(507, 57, 235, 80),
(508, 57, 236, 85),
(509, 57, 237, 80),
(510, 57, 238, 70),
(511, 57, 239, 85),
(512, 57, 240, 85),
(523, 59, 231, 80),
(524, 59, 232, 75),
(525, 59, 233, 3),
(526, 59, 234, 85),
(527, 59, 235, 70),
(528, 59, 236, 85),
(529, 59, 237, 70),
(530, 59, 238, 75),
(531, 59, 239, 85),
(532, 59, 240, 75),
(533, 60, 231, 80),
(534, 60, 232, 80),
(535, 60, 233, 2),
(536, 60, 234, 75),
(537, 60, 235, 80),
(538, 60, 236, 70),
(539, 60, 237, 80),
(540, 60, 238, 80),
(541, 60, 239, 85),
(542, 60, 240, 80),
(543, 61, 101, 75),
(544, 61, 102, 80),
(545, 61, 103, 1),
(546, 61, 104, 75),
(547, 61, 105, 75),
(548, 61, 106, 80),
(549, 61, 107, 75),
(550, 61, 108, 85),
(551, 61, 109, 85),
(552, 61, 110, 60),
(553, 62, 111, 70),
(554, 62, 112, 75),
(555, 62, 113, 2),
(556, 62, 114, 80),
(557, 62, 115, 80),
(558, 62, 116, 65),
(559, 62, 117, 80),
(560, 62, 118, 70),
(561, 62, 119, 60),
(562, 62, 120, 85),
(563, 63, 111, 85),
(564, 63, 112, 70),
(565, 63, 113, 1),
(566, 63, 114, 70),
(567, 63, 115, 85),
(568, 63, 116, 70),
(569, 63, 117, 60),
(570, 63, 118, 80),
(571, 63, 119, 85),
(572, 63, 120, 70),
(573, 64, 111, 55),
(574, 64, 112, 75),
(575, 64, 113, 3),
(576, 64, 114, 85),
(577, 64, 115, 70),
(578, 64, 116, 85),
(579, 64, 117, 70),
(580, 64, 118, 75),
(581, 64, 119, 60),
(582, 64, 120, 75),
(583, 65, 111, 80),
(584, 65, 112, 65),
(585, 65, 113, 2),
(586, 65, 114, 75),
(587, 65, 115, 80),
(588, 65, 116, 70),
(589, 65, 117, 70),
(590, 65, 118, 80),
(591, 65, 119, 50),
(592, 65, 120, 80),
(593, 66, 211, 85),
(594, 66, 212, 70),
(595, 66, 213, 1),
(596, 66, 214, 80),
(597, 66, 215, 85),
(598, 66, 216, 75),
(599, 66, 217, 85),
(600, 66, 218, 75),
(601, 66, 219, 80),
(602, 66, 220, 70),
(603, 67, 111, 75),
(604, 67, 112, 85),
(605, 67, 113, 3),
(606, 67, 114, 70),
(607, 67, 115, 80),
(608, 67, 116, 65),
(609, 67, 117, 80),
(610, 67, 118, 60),
(611, 67, 119, 60),
(612, 67, 120, 80),
(613, 68, 231, 85),
(614, 68, 232, 70),
(615, 68, 233, 1),
(616, 68, 234, 70),
(617, 68, 235, 85),
(618, 68, 236, 70),
(619, 68, 237, 85),
(620, 68, 238, 80),
(621, 68, 239, 85),
(622, 68, 240, 70),
(623, 69, 111, 75),
(624, 69, 112, 75),
(625, 69, 113, 2),
(626, 69, 114, 75),
(627, 69, 115, 70),
(628, 69, 116, 85),
(629, 69, 117, 70),
(630, 69, 118, 80),
(631, 69, 119, 60),
(632, 69, 120, 75),
(633, 70, 111, 65),
(634, 70, 112, 65),
(635, 70, 113, 2),
(636, 70, 114, 80),
(637, 70, 115, 80),
(638, 70, 116, 70),
(639, 70, 117, 70),
(640, 70, 118, 85),
(641, 70, 119, 50),
(642, 70, 120, 80),
(643, 71, 121, 75),
(644, 71, 122, 60),
(645, 71, 123, 2),
(646, 71, 124, 75),
(647, 71, 125, 75),
(648, 71, 126, 80),
(649, 71, 127, 75),
(650, 71, 128, 75),
(651, 71, 129, 75),
(652, 71, 130, 75),
(653, 72, 131, 80),
(654, 72, 132, 85),
(655, 72, 133, 2),
(656, 72, 134, 80),
(657, 72, 135, 80),
(658, 72, 136, 65),
(659, 72, 137, 80),
(660, 72, 138, 80),
(661, 72, 139, 80),
(662, 72, 140, 80),
(663, 73, 131, 85),
(664, 73, 132, 60),
(665, 73, 133, 2),
(666, 73, 134, 85),
(667, 73, 135, 75),
(668, 73, 136, 75),
(669, 73, 137, 60),
(670, 73, 138, 85),
(671, 73, 139, 85),
(672, 73, 140, 85),
(673, 74, 131, 80),
(674, 74, 132, 80),
(675, 74, 133, 2),
(676, 74, 134, 75),
(677, 74, 135, 80),
(678, 74, 136, 80),
(679, 74, 137, 70),
(680, 74, 138, 80),
(681, 74, 139, 60),
(682, 74, 140, 75),
(683, 75, 131, 85),
(684, 75, 132, 85),
(685, 75, 133, 2),
(686, 75, 134, 80),
(687, 75, 135, 85),
(688, 75, 136, 85),
(689, 75, 137, 80),
(690, 75, 138, 85),
(691, 75, 139, 50),
(692, 75, 140, 80),
(703, 77, 151, 70),
(704, 77, 152, 85),
(705, 77, 153, 1),
(706, 77, 154, 70),
(707, 77, 155, 65),
(708, 77, 156, 65),
(709, 77, 157, 80),
(710, 77, 158, 80),
(711, 77, 159, 60),
(712, 77, 160, 80),
(713, 78, 151, 70),
(714, 78, 152, 60),
(715, 78, 153, 1),
(716, 78, 154, 80),
(717, 78, 155, 75),
(718, 78, 156, 75),
(719, 78, 157, 60),
(720, 78, 158, 85),
(721, 78, 159, 85),
(722, 78, 160, 85),
(723, 79, 151, 75),
(724, 79, 152, 80),
(725, 79, 153, 1),
(726, 79, 154, 75),
(727, 79, 155, 80),
(728, 79, 156, 80),
(729, 79, 157, 70),
(730, 79, 158, 80),
(731, 79, 159, 60),
(732, 79, 160, 75),
(733, 80, 151, 65),
(734, 80, 152, 85),
(735, 80, 153, 1),
(736, 80, 154, 80),
(737, 80, 155, 80),
(738, 80, 156, 85),
(739, 80, 157, 70),
(740, 80, 158, 85),
(741, 80, 159, 50),
(742, 80, 160, 80),
(753, 82, 171, 80),
(754, 82, 172, 85),
(755, 82, 173, 1),
(756, 82, 174, 70),
(757, 82, 175, 80),
(758, 82, 176, 65),
(759, 82, 177, 80),
(760, 82, 178, 80),
(761, 82, 179, 60),
(762, 82, 180, 80),
(763, 83, 171, 85),
(764, 83, 172, 60),
(765, 83, 173, 1),
(766, 83, 174, 80),
(767, 83, 175, 60),
(768, 83, 176, 75),
(769, 83, 177, 60),
(770, 83, 178, 85),
(771, 83, 179, 85),
(772, 83, 180, 85),
(773, 84, 171, 80),
(774, 84, 172, 80),
(775, 84, 173, 2),
(776, 84, 174, 75),
(777, 84, 175, 70),
(778, 84, 176, 80),
(779, 84, 177, 70),
(780, 84, 178, 80),
(781, 84, 179, 60),
(782, 84, 180, 75),
(783, 85, 171, 85),
(784, 85, 172, 85),
(785, 85, 173, 2),
(786, 85, 174, 80),
(787, 85, 175, 80),
(788, 85, 176, 85),
(789, 85, 177, 80),
(790, 85, 178, 85),
(791, 85, 179, 50),
(792, 85, 180, 80),
(793, 86, 181, 75),
(794, 86, 182, 60),
(795, 86, 183, 2),
(796, 86, 184, 75),
(797, 86, 185, 75),
(798, 86, 186, 80),
(799, 86, 187, 75),
(800, 86, 188, 75),
(801, 86, 189, 75),
(802, 86, 190, 75),
(803, 87, 191, 80),
(804, 87, 192, 85),
(805, 87, 193, 2),
(806, 87, 194, 80),
(807, 87, 195, 80),
(808, 87, 196, 65),
(809, 87, 197, 80),
(810, 87, 198, 80),
(811, 87, 199, 80),
(812, 87, 200, 80),
(813, 88, 191, 85),
(814, 88, 192, 60),
(815, 88, 193, 2),
(816, 88, 194, 85),
(817, 88, 195, 75),
(818, 88, 196, 75),
(819, 88, 197, 60),
(820, 88, 198, 85),
(821, 88, 199, 85),
(822, 88, 200, 85),
(823, 89, 191, 80),
(824, 89, 192, 80),
(825, 89, 193, 2),
(826, 89, 194, 75),
(827, 89, 195, 80),
(828, 89, 196, 80),
(829, 89, 197, 70),
(830, 89, 198, 80),
(831, 89, 199, 60),
(832, 89, 200, 75),
(833, 90, 191, 85),
(834, 90, 192, 85),
(835, 90, 193, 2),
(836, 90, 194, 80),
(837, 90, 195, 85),
(838, 90, 196, 85),
(839, 90, 197, 80),
(840, 90, 198, 85),
(841, 90, 199, 50),
(842, 90, 200, 80),
(843, 91, 201, 80),
(844, 91, 202, 75),
(845, 91, 203, 2),
(846, 91, 204, 75),
(847, 91, 205, 75),
(848, 91, 206, 60),
(849, 91, 207, 75),
(850, 91, 208, 60),
(851, 91, 209, 75),
(852, 91, 210, 75),
(853, 92, 211, 80),
(854, 92, 212, 80),
(855, 92, 213, 2),
(856, 92, 214, 80),
(857, 92, 215, 80),
(858, 92, 216, 70),
(859, 92, 217, 80),
(860, 92, 218, 70),
(861, 92, 219, 80),
(862, 92, 220, 80),
(863, 93, 211, 85),
(864, 93, 212, 75),
(865, 93, 213, 2),
(866, 93, 214, 85),
(867, 93, 215, 75),
(868, 93, 216, 80),
(869, 93, 217, 60),
(870, 93, 218, 80),
(871, 93, 219, 85),
(872, 93, 220, 60),
(873, 94, 211, 80),
(874, 94, 212, 80),
(875, 94, 213, 2),
(876, 94, 214, 75),
(877, 94, 215, 80),
(878, 94, 216, 80),
(879, 94, 217, 70),
(880, 94, 218, 80),
(881, 94, 219, 60),
(882, 94, 220, 70),
(883, 95, 211, 85),
(884, 95, 212, 85),
(885, 95, 213, 2),
(886, 95, 214, 80),
(887, 95, 215, 85),
(888, 95, 216, 85),
(889, 95, 217, 80),
(890, 95, 218, 85),
(891, 95, 219, 50),
(892, 95, 220, 80),
(943, 101, 141, 60),
(944, 101, 142, 60),
(945, 101, 143, 1),
(946, 101, 144, 85),
(947, 101, 145, 75),
(948, 101, 146, 80),
(949, 101, 147, 75),
(950, 101, 148, 75),
(951, 101, 149, 85),
(952, 101, 150, 75),
(953, 102, 251, 70),
(954, 102, 252, 85),
(955, 102, 253, 1),
(956, 102, 254, 70),
(957, 102, 255, 65),
(958, 102, 256, 65),
(959, 102, 257, 80),
(960, 102, 258, 80),
(961, 102, 259, 60),
(962, 102, 260, 80),
(963, 103, 251, 70),
(964, 103, 252, 60),
(965, 103, 253, 1),
(966, 103, 254, 80),
(967, 103, 255, 75),
(968, 103, 256, 75),
(969, 103, 257, 60),
(970, 103, 258, 85),
(971, 103, 259, 85),
(972, 103, 260, 85),
(973, 104, 251, 75),
(974, 104, 252, 80),
(975, 104, 253, 1),
(976, 104, 254, 75),
(977, 104, 255, 80),
(978, 104, 256, 80),
(979, 104, 257, 70),
(980, 104, 258, 80),
(981, 104, 259, 60),
(982, 104, 260, 75),
(983, 105, 251, 65),
(984, 105, 252, 85),
(985, 105, 253, 1),
(986, 105, 254, 80),
(987, 105, 255, 80),
(988, 105, 256, 85),
(989, 105, 257, 70),
(990, 105, 258, 85),
(991, 105, 259, 50),
(992, 105, 260, 80),
(993, 54, 213, 3),
(994, 106, 101, 80),
(995, 106, 102, 70),
(996, 106, 103, 1),
(997, 106, 104, 85),
(998, 106, 105, 75),
(999, 106, 106, 80),
(1000, 106, 107, 75),
(1001, 106, 108, 85),
(1002, 106, 109, 85),
(1003, 106, 110, 75),
(1004, 107, 111, 70),
(1005, 107, 112, 75),
(1006, 107, 113, 2),
(1007, 107, 114, 80),
(1008, 107, 115, 85),
(1009, 107, 116, 70),
(1010, 107, 117, 60),
(1011, 107, 118, 75),
(1012, 107, 119, 85),
(1013, 107, 120, 85),
(1014, 108, 241, 60),
(1015, 108, 242, 60),
(1016, 108, 243, 1),
(1017, 108, 244, 85),
(1018, 108, 245, 75),
(1019, 108, 246, 80),
(1020, 108, 247, 75),
(1021, 108, 248, 75),
(1022, 108, 249, 85),
(1023, 108, 250, 75),
(1024, 109, 101, 80),
(1025, 109, 102, 70),
(1026, 109, 103, 1),
(1027, 109, 104, 85),
(1028, 109, 105, 75),
(1029, 109, 106, 80),
(1030, 109, 107, 75),
(1031, 109, 108, 85),
(1032, 109, 109, 85),
(1033, 109, 110, 75),
(1034, 110, 111, 75),
(1035, 110, 112, 75),
(1036, 110, 113, 2),
(1037, 110, 114, 70),
(1038, 110, 115, 80),
(1039, 110, 116, 77),
(1040, 110, 117, 80),
(1041, 110, 118, 60),
(1042, 110, 119, 75),
(1043, 110, 120, 80),
(1044, 111, 111, 70),
(1045, 111, 112, 75),
(1046, 111, 113, 2),
(1047, 111, 114, 80),
(1048, 111, 115, 88),
(1049, 111, 116, 70),
(1050, 111, 117, 60),
(1051, 111, 118, 75),
(1052, 111, 119, 85),
(1053, 111, 120, 80),
(1054, 112, 111, 75),
(1055, 112, 112, 75),
(1056, 112, 113, 1),
(1057, 112, 114, 75),
(1058, 112, 115, 70),
(1059, 112, 116, 85),
(1060, 112, 117, 70),
(1061, 112, 118, 80),
(1062, 112, 119, 75),
(1063, 112, 120, 75),
(1064, 113, 111, 75),
(1065, 113, 112, 65),
(1066, 113, 113, 3),
(1067, 113, 114, 80),
(1068, 113, 115, 80),
(1069, 113, 116, 70),
(1070, 113, 117, 70),
(1071, 113, 118, 85),
(1072, 113, 119, 70),
(1073, 113, 120, 80),
(1084, 115, 131, 80),
(1085, 115, 132, 80),
(1086, 115, 133, 2),
(1087, 115, 134, 80),
(1088, 115, 135, 80),
(1089, 115, 136, 65),
(1090, 115, 137, 80),
(1091, 115, 138, 80),
(1092, 115, 139, 75),
(1093, 115, 140, 80),
(1094, 116, 131, 85),
(1095, 116, 132, 85),
(1096, 116, 133, 2),
(1097, 116, 134, 85),
(1098, 116, 135, 80),
(1099, 116, 136, 75),
(1100, 116, 137, 60),
(1101, 116, 138, 85),
(1102, 116, 139, 75),
(1103, 116, 140, 85),
(1104, 117, 131, 80),
(1105, 117, 132, 80),
(1106, 117, 133, 2),
(1107, 117, 134, 75),
(1108, 117, 135, 80),
(1109, 117, 136, 80),
(1110, 117, 137, 70),
(1111, 117, 138, 80),
(1112, 117, 139, 75),
(1113, 117, 140, 75),
(1114, 118, 131, 85),
(1115, 118, 132, 85),
(1116, 118, 133, 2),
(1117, 118, 134, 80),
(1118, 118, 135, 80),
(1119, 118, 136, 85),
(1120, 118, 137, 80),
(1121, 118, 138, 85),
(1122, 118, 139, 75),
(1123, 118, 140, 80),
(1124, 119, 141, 75),
(1125, 119, 142, 60),
(1126, 119, 143, 2),
(1127, 119, 144, 85),
(1128, 119, 145, 75),
(1129, 119, 146, 80),
(1130, 119, 147, 75),
(1131, 119, 148, 75),
(1132, 119, 149, 85),
(1133, 119, 150, 75),
(1134, 120, 151, 70),
(1135, 120, 152, 85),
(1136, 120, 153, 1),
(1137, 120, 154, 70),
(1138, 120, 155, 75),
(1139, 120, 156, 65),
(1140, 120, 157, 80),
(1141, 120, 158, 80),
(1142, 120, 159, 80),
(1143, 120, 160, 80),
(1144, 121, 151, 70),
(1145, 121, 152, 60),
(1146, 121, 153, 3),
(1147, 121, 154, 80),
(1148, 121, 155, 75),
(1149, 121, 156, 75),
(1150, 121, 157, 60),
(1151, 121, 158, 85),
(1152, 121, 159, 85),
(1153, 121, 160, 85),
(1154, 122, 151, 75),
(1155, 122, 152, 80),
(1156, 122, 153, 1),
(1157, 122, 154, 75),
(1158, 122, 155, 75),
(1159, 122, 156, 80),
(1160, 122, 157, 70),
(1161, 122, 158, 80),
(1162, 122, 159, 60),
(1163, 122, 160, 80),
(1164, 123, 151, 80),
(1165, 123, 152, 85),
(1166, 123, 153, 1),
(1167, 123, 154, 80),
(1168, 123, 155, 75),
(1169, 123, 156, 85),
(1170, 123, 157, 70),
(1171, 123, 158, 85),
(1172, 123, 159, 50),
(1173, 123, 160, 85),
(1224, 129, 181, 75),
(1225, 129, 182, 60),
(1226, 129, 183, 2),
(1227, 129, 184, 75),
(1228, 129, 185, 75),
(1229, 129, 186, 80),
(1230, 129, 187, 75),
(1231, 129, 188, 75),
(1232, 129, 189, 75),
(1233, 129, 190, 75),
(1234, 130, 191, 80),
(1235, 130, 192, 75),
(1236, 130, 193, 1),
(1237, 130, 194, 80),
(1238, 130, 195, 80),
(1239, 130, 196, 65),
(1240, 130, 197, 80),
(1241, 130, 198, 80),
(1242, 130, 199, 80),
(1243, 130, 200, 80),
(1244, 131, 191, 85),
(1245, 131, 192, 60),
(1246, 131, 193, 3),
(1247, 131, 194, 70),
(1248, 131, 195, 75),
(1249, 131, 196, 75),
(1250, 131, 197, 75),
(1251, 131, 198, 85),
(1252, 131, 199, 85),
(1253, 131, 200, 85),
(1254, 132, 191, 80),
(1255, 132, 192, 80),
(1256, 132, 193, 2),
(1257, 132, 194, 75),
(1258, 132, 195, 80),
(1259, 132, 196, 80),
(1260, 132, 197, 70),
(1261, 132, 198, 80),
(1262, 132, 199, 60),
(1263, 132, 200, 75),
(1264, 133, 191, 85),
(1265, 133, 192, 80),
(1266, 133, 193, 1),
(1267, 133, 194, 80),
(1268, 133, 195, 85),
(1269, 133, 196, 85),
(1270, 133, 197, 80),
(1271, 133, 198, 85),
(1272, 133, 199, 70),
(1273, 133, 200, 80),
(1274, 134, 201, 80),
(1275, 134, 202, 75),
(1276, 134, 203, 1),
(1277, 134, 204, 75),
(1278, 134, 205, 75),
(1279, 134, 206, 60),
(1280, 134, 207, 75),
(1281, 134, 208, 60),
(1282, 134, 209, 75),
(1283, 134, 210, 75),
(1284, 135, 211, 80),
(1285, 135, 212, 80),
(1286, 135, 213, 1),
(1287, 135, 214, 80),
(1288, 135, 215, 75),
(1289, 135, 216, 70),
(1290, 135, 217, 80),
(1291, 135, 218, 70),
(1292, 135, 219, 80),
(1293, 135, 220, 80),
(1294, 136, 211, 80),
(1295, 136, 212, 75),
(1296, 136, 213, 1),
(1297, 136, 214, 85),
(1298, 136, 215, 75),
(1299, 136, 216, 80),
(1300, 136, 217, 60),
(1301, 136, 218, 75),
(1302, 136, 219, 85),
(1303, 136, 220, 60),
(1304, 137, 211, 80),
(1305, 137, 212, 80),
(1306, 137, 213, 1),
(1307, 137, 214, 75),
(1308, 137, 215, 75),
(1309, 137, 216, 80),
(1310, 137, 217, 70),
(1311, 137, 218, 80),
(1312, 137, 219, 60),
(1313, 137, 220, 70),
(1314, 138, 211, 80),
(1315, 138, 212, 85),
(1316, 138, 213, 1),
(1317, 138, 214, 80),
(1318, 138, 215, 75),
(1319, 138, 216, 85),
(1320, 138, 217, 80),
(1321, 138, 218, 85),
(1322, 138, 219, 50),
(1323, 138, 220, 80),
(1374, 144, 241, 60),
(1375, 144, 242, 70),
(1376, 144, 243, 2),
(1377, 144, 244, 85),
(1378, 144, 245, 75),
(1379, 144, 246, 80),
(1380, 144, 247, 75),
(1381, 144, 248, 75),
(1382, 144, 249, 85),
(1383, 144, 250, 75),
(1384, 145, 251, 70),
(1385, 145, 252, 85),
(1386, 145, 253, 2),
(1387, 145, 254, 70),
(1388, 145, 255, 70),
(1389, 145, 256, 65),
(1390, 145, 257, 80),
(1391, 145, 258, 80),
(1392, 145, 259, 77),
(1393, 145, 260, 75),
(1394, 146, 251, 70),
(1395, 146, 252, 75),
(1396, 146, 253, 2),
(1397, 146, 254, 80),
(1398, 146, 255, 75),
(1399, 146, 256, 75),
(1400, 146, 257, 60),
(1401, 146, 258, 85),
(1402, 146, 259, 85),
(1403, 146, 260, 85),
(1404, 147, 251, 75),
(1405, 147, 252, 80),
(1406, 147, 253, 2),
(1407, 147, 254, 75),
(1408, 147, 255, 80),
(1409, 147, 256, 80),
(1410, 147, 257, 70),
(1411, 147, 258, 80),
(1412, 147, 259, 69),
(1413, 147, 260, 75),
(1414, 148, 251, 65),
(1415, 148, 252, 85),
(1416, 148, 253, 2),
(1417, 148, 254, 80),
(1418, 148, 255, 80),
(1419, 148, 256, 85),
(1420, 148, 257, 70),
(1421, 148, 258, 85),
(1422, 148, 259, 77),
(1423, 148, 260, 80),
(1454, 149, 221, 60),
(1455, 149, 222, 70),
(1456, 149, 223, 2),
(1457, 149, 224, 85),
(1458, 149, 225, 75),
(1459, 149, 226, 80),
(1460, 149, 227, 75),
(1461, 149, 228, 75),
(1462, 149, 229, 85),
(1463, 149, 230, 75),
(1464, 150, 231, 70),
(1465, 150, 232, 85),
(1466, 150, 233, 2),
(1467, 150, 234, 70),
(1468, 150, 235, 80),
(1469, 150, 236, 70),
(1470, 150, 237, 80),
(1471, 150, 238, 80),
(1472, 150, 239, 70),
(1473, 150, 240, 78),
(1474, 151, 231, 70),
(1475, 151, 232, 75),
(1476, 151, 233, 2),
(1477, 151, 234, 85),
(1478, 151, 235, 85),
(1479, 151, 236, 75),
(1480, 151, 237, 60),
(1481, 151, 238, 85),
(1482, 151, 239, 85),
(1483, 151, 240, 85),
(1484, 152, 231, 75),
(1485, 152, 232, 80),
(1486, 152, 233, 3),
(1487, 152, 234, 75),
(1488, 152, 235, 70),
(1489, 152, 236, 80),
(1490, 152, 237, 70),
(1491, 152, 238, 80),
(1492, 152, 239, 85),
(1493, 152, 240, 75),
(1494, 153, 231, 65),
(1495, 153, 232, 85),
(1496, 153, 233, 2),
(1497, 153, 234, 80),
(1498, 153, 235, 80),
(1499, 153, 236, 85),
(1500, 153, 237, 70),
(1501, 153, 238, 85),
(1502, 153, 239, 80),
(1503, 153, 240, 80),
(1504, 154, 161, 80),
(1505, 154, 162, 60),
(1506, 154, 163, 3),
(1507, 154, 164, 85),
(1508, 154, 165, 75),
(1509, 154, 166, 80),
(1510, 154, 167, 75),
(1511, 154, 168, 75),
(1512, 154, 169, 85),
(1513, 154, 170, 75),
(1514, 155, 171, 80),
(1515, 155, 172, 85),
(1516, 155, 173, 1),
(1517, 155, 174, 70),
(1518, 155, 175, 80),
(1519, 155, 176, 65),
(1520, 155, 177, 80),
(1521, 155, 178, 80),
(1522, 155, 179, 60),
(1523, 155, 180, 80),
(1524, 156, 171, 80),
(1525, 156, 172, 60),
(1526, 156, 173, 1),
(1527, 156, 174, 80),
(1528, 156, 175, 60),
(1529, 156, 176, 75),
(1530, 156, 177, 60),
(1531, 156, 178, 85),
(1532, 156, 179, 85),
(1533, 156, 180, 85),
(1534, 157, 161, 75),
(1535, 157, 162, 60),
(1536, 157, 163, 2),
(1537, 157, 164, 85),
(1538, 157, 165, 75),
(1539, 157, 166, 80),
(1540, 157, 167, 75),
(1541, 157, 168, 75),
(1542, 157, 169, 85),
(1543, 157, 170, 75),
(1544, 158, 171, 80),
(1545, 158, 172, 85),
(1546, 158, 173, 2),
(1547, 158, 174, 80),
(1548, 158, 175, 80),
(1549, 158, 176, 85),
(1550, 158, 177, 80),
(1551, 158, 178, 85),
(1552, 158, 179, 75),
(1553, 158, 180, 80),
(1554, 159, 171, 80),
(1555, 159, 172, 80),
(1556, 159, 173, 2),
(1557, 159, 174, 75),
(1558, 159, 175, 70),
(1559, 159, 176, 80),
(1560, 159, 177, 70),
(1561, 159, 178, 80),
(1562, 159, 179, 70),
(1563, 159, 180, 75),
(1564, 160, 221, 60),
(1565, 160, 222, 70),
(1566, 160, 223, 1),
(1567, 160, 224, 85),
(1568, 160, 225, 75),
(1569, 160, 226, 80),
(1570, 160, 227, 75),
(1571, 160, 228, 75),
(1572, 160, 229, 85),
(1573, 160, 230, 75),
(1574, 161, 231, 70),
(1575, 161, 232, 85),
(1576, 161, 233, 2),
(1577, 161, 234, 70),
(1578, 161, 235, 80),
(1579, 161, 236, 65),
(1580, 161, 237, 80),
(1581, 161, 238, 80),
(1582, 161, 239, 60),
(1583, 161, 240, 80),
(1584, 162, 231, 70),
(1585, 162, 232, 75),
(1586, 162, 233, 3),
(1587, 162, 234, 80),
(1588, 162, 235, 85),
(1589, 162, 236, 75),
(1590, 162, 237, 60),
(1591, 162, 238, 85),
(1592, 162, 239, 85),
(1593, 162, 240, 85),
(1594, 163, 231, 75),
(1595, 163, 232, 80),
(1596, 163, 233, 3),
(1597, 163, 234, 75),
(1598, 163, 235, 70),
(1599, 163, 236, 80),
(1600, 163, 237, 70),
(1601, 163, 238, 80),
(1602, 163, 239, 60),
(1603, 163, 240, 75),
(1604, 164, 231, 65),
(1605, 164, 232, 85),
(1606, 164, 233, 2),
(1607, 164, 234, 80),
(1608, 164, 235, 80),
(1609, 164, 236, 85),
(1610, 164, 237, 70),
(1611, 164, 238, 85),
(1612, 164, 239, 50),
(1613, 164, 240, 80),
(1614, 165, 121, 75),
(1615, 165, 122, 75),
(1616, 165, 123, 2),
(1617, 165, 124, 75),
(1618, 165, 125, 80),
(1619, 165, 126, 80),
(1620, 165, 127, 75),
(1621, 165, 128, 75),
(1622, 165, 129, 75),
(1623, 165, 130, 75);

-- --------------------------------------------------------

--
-- Struktur dari tabel `jabatan_pegawai`
--

CREATE TABLE `jabatan_pegawai` (
  `id_jabatan` int(11) NOT NULL,
  `id_pegawai` char(8) NOT NULL DEFAULT '0',
  `id_toko` int(11) NOT NULL DEFAULT '0',
  `id_bagian` char(8) NOT NULL DEFAULT '0',
  `jabatan` enum('manager','HRD','koordinator','karyawan') NOT NULL,
  `Status` tinyint(1) NOT NULL,
  `tgl_jabat` date NOT NULL
) ENGINE=InnoDB DEFAULT CHARSET=latin1;

--
-- Dumping data untuk tabel `jabatan_pegawai`
--

INSERT INTO `jabatan_pegawai` (`id_jabatan`, `id_pegawai`, `id_toko`, `id_bagian`, `jabatan`, `Status`, `tgl_jabat`) VALUES
(15, 'P-0001', 27, 'B-0008', 'koordinator', 1, '2010-02-20'),
(16, 'P-0002', 27, 'B-0008', 'karyawan', 1, '2011-02-10'),
(17, 'P-0003', 27, 'B-0008', 'karyawan', 1, '2012-11-10'),
(18, 'P-0004', 27, 'B-0008', 'karyawan', 1, '2015-07-20'),
(19, 'P-0005', 27, 'B-0008', 'karyawan', 1, '2015-10-10'),
(20, 'P-0006', 27, 'B-0002', 'koordinator', 1, '2010-03-13'),
(21, 'P-0007', 27, 'B-0002', 'karyawan', 1, '2010-10-12'),
(22, 'P-0008', 27, 'B-0002', 'karyawan', 1, '2012-01-25'),
(23, 'P-0009', 27, 'B-0002', 'karyawan', 1, '2014-05-02'),
(24, 'P-0010', 27, 'B-0002', 'karyawan', 1, '2016-09-10'),
(25, 'P-0011', 27, 'B-0003', 'koordinator', 1, '2010-10-20'),
(26, 'P-0012', 27, 'B-0003', 'karyawan', 1, '2011-02-10'),
(27, 'P-0013', 27, 'B-0003', 'karyawan', 1, '2012-11-10'),
(28, 'P-0014', 27, 'B-0003', 'karyawan', 1, '2015-07-02'),
(29, 'P-0015', 27, 'B-0003', 'karyawan', 1, '2016-10-10'),
(30, 'P-0016', 27, 'B-0004', 'koordinator', 1, '2009-03-10'),
(31, 'P-0017', 27, 'B-0004', 'karyawan', 1, '2010-07-27'),
(32, 'P-0018', 27, 'B-0004', 'karyawan', 1, '2013-01-21'),
(33, 'P-0019', 27, 'B-0004', 'karyawan', 1, '2015-11-02'),
(34, 'P-0020', 27, 'B-0004', 'karyawan', 1, '2015-12-02'),
(35, 'P-0021', 27, 'B-0005', 'koordinator', 1, '2009-04-12'),
(36, 'P-0022', 27, 'B-0005', 'karyawan', 1, '2010-12-10'),
(37, 'P-0023', 27, 'B-0005', 'karyawan', 1, '2011-05-01'),
(38, 'P-0024', 27, 'B-0005', 'karyawan', 1, '2014-10-02'),
(39, 'P-0025', 27, 'B-0005', 'karyawan', 1, '2014-11-20'),
(40, 'P-0026', 27, 'B-0007', 'koordinator', 1, '2010-10-20'),
(41, 'P-0027', 27, 'B-0007', 'karyawan', 1, '2011-02-10'),
(42, 'P-0028', 27, 'B-0007', 'karyawan', 1, '2012-11-10'),
(43, 'P-0029', 27, 'B-0007', 'karyawan', 1, '2015-02-02'),
(44, 'P-0030', 27, 'B-0007', 'karyawan', 1, '2015-07-07'),
(45, 'P-0031', 27, 'B-0001', 'koordinator', 1, '2009-02-21'),
(46, 'P-0032', 27, 'B-0001', 'karyawan', 1, '2011-09-10'),
(47, 'P-0033', 27, 'B-0001', 'karyawan', 1, '2011-10-11'),
(48, 'P-0034', 27, 'B-0001', 'karyawan', 1, '2011-10-11'),
(49, 'P-0035', 27, 'B-0001', 'karyawan', 1, '2013-08-25'),
(50, 'P-0036', 27, 'B-0006', 'koordinator', 1, '2009-05-12'),
(51, 'P-0037', 27, 'B-0006', 'karyawan', 1, '2010-12-10'),
(52, 'P-0038', 27, 'B-0006', 'karyawan', 1, '2011-11-11'),
(53, 'P-0039', 27, 'B-0006', 'karyawan', 1, '2012-08-05'),
(54, 'P-0040', 27, 'B-0006', 'karyawan', 1, '2012-08-05'),
(55, 'P-0041', 28, 'B-0001', 'koordinator', 1, '2010-01-20'),
(56, 'P-0042', 28, 'B-0001', 'karyawan', 1, '2011-02-10'),
(57, 'P-0043', 28, 'B-0001', 'karyawan', 1, '2012-11-10'),
(58, 'P-0044', 28, 'B-0001', 'karyawan', 1, '2015-07-02'),
(59, 'P-0045', 28, 'B-0001', 'karyawan', 1, '2016-09-10'),
(60, 'P-0046', 28, 'B-0002', 'koordinator', 1, '2009-08-17'),
(61, 'P-0047', 28, 'B-0002', 'karyawan', 1, '2011-09-07'),
(62, 'P-0048', 28, 'B-0002', 'karyawan', 1, '2011-09-09'),
(63, 'P-0049', 28, 'B-0002', 'karyawan', 1, '2013-05-10'),
(64, 'P-0050', 28, 'B-0002', 'karyawan', 1, '2014-09-04'),
(65, 'P-0051', 28, 'B-0003', 'koordinator', 1, '2010-05-21'),
(66, 'P-0052', 28, 'B-0003', 'karyawan', 1, '2010-06-05'),
(67, 'P-0053', 28, 'B-0003', 'karyawan', 1, '2010-06-05'),
(68, 'P-0054', 28, 'B-0003', 'karyawan', 1, '2013-09-10'),
(69, 'P-0055', 28, 'B-0003', 'karyawan', 1, '2015-09-05'),
(70, 'P-0056', 28, 'B-0004', 'koordinator', 1, '2009-12-11'),
(71, 'P-0057', 28, 'B-0004', 'karyawan', 1, '2010-10-05'),
(72, 'P-0058', 28, 'B-0004', 'karyawan', 1, '2010-10-05'),
(73, 'P-0059', 28, 'B-0004', 'karyawan', 1, '2014-04-04'),
(74, 'P-0060', 28, 'B-0004', 'karyawan', 1, '2016-04-04'),
(75, 'P-0061', 28, 'B-0005', 'koordinator', 1, '2009-06-21'),
(76, 'P-0062', 28, 'B-0005', 'karyawan', 1, '2010-08-20'),
(77, 'P-0063', 28, 'B-0005', 'karyawan', 1, '2010-08-20'),
(78, 'P-0064', 28, 'B-0005', 'karyawan', 1, '2013-09-21'),
(79, 'P-0065', 28, 'B-0005', 'karyawan', 1, '2015-10-02'),
(80, 'P-0066', 28, 'B-0006', 'koordinator', 1, '2010-11-10'),
(81, 'P-0067', 28, 'B-0006', 'karyawan', 1, '2011-11-10'),
(82, 'P-0068', 28, 'B-0006', 'karyawan', 1, '2011-12-10'),
(83, 'P-0069', 28, 'B-0006', 'karyawan', 1, '2011-12-10'),
(84, 'P-0070', 28, 'B-0006', 'karyawan', 1, '2012-12-12'),
(85, 'P-0071', 28, 'B-0007', 'koordinator', 1, '2011-09-10'),
(86, 'P-0072', 28, 'B-0007', 'karyawan', 1, '2012-09-10'),
(87, 'P-0073', 28, 'B-0007', 'karyawan', 1, '2012-10-11'),
(88, 'P-0074', 28, 'B-0007', 'karyawan', 1, '2012-10-11'),
(89, 'P-0075', 28, 'B-0007', 'karyawan', 1, '2015-09-04'),
(90, 'P-0076', 28, 'B-0008', 'koordinator', 1, '2011-05-05'),
(91, 'P-0077', 28, 'B-0008', 'karyawan', 1, '2012-06-05'),
(92, 'P-0078', 28, 'B-0008', 'karyawan', 1, '2012-06-05'),
(93, 'P-0079', 28, 'B-0008', 'karyawan', 1, '2014-07-07'),
(94, 'P-0080', 28, 'B-0008', 'karyawan', 1, '2014-08-07'),
(95, 'P-0081', 29, 'B-0001', 'koordinator', 1, '2010-06-26'),
(96, 'P-0082', 29, 'B-0001', 'karyawan', 1, '2012-07-26'),
(97, 'P-0083', 29, 'B-0001', 'karyawan', 1, '2012-07-26'),
(98, 'P-0084', 29, 'B-0001', 'karyawan', 1, '2014-09-05'),
(99, 'P-0085', 29, 'B-0001', 'karyawan', 1, '2014-09-05'),
(100, 'P-0086', 29, 'B-0002', 'koordinator', 1, '2008-12-25'),
(101, 'P-0087', 29, 'B-0002', 'karyawan', 1, '2010-01-02'),
(102, 'P-0088', 29, 'B-0002', 'karyawan', 1, '2010-02-03'),
(103, 'P-0089', 29, 'B-0002', 'karyawan', 1, '2010-02-03'),
(104, 'P-0090', 29, 'B-0002', 'karyawan', 1, '2014-08-31'),
(105, 'P-0091', 29, 'B-0003', 'koordinator', 1, '2009-12-05'),
(106, 'P-0092', 29, 'B-0003', 'karyawan', 1, '2010-11-05'),
(107, 'P-0093', 29, 'B-0003', 'karyawan', 1, '2011-07-06'),
(108, 'P-0094', 29, 'B-0003', 'karyawan', 1, '2011-07-08'),
(109, 'P-0095', 29, 'B-0003', 'karyawan', 1, '2011-07-08'),
(110, 'P-0096', 29, 'B-0004', 'koordinator', 1, '2010-03-25'),
(111, 'P-0097', 29, 'B-0004', 'karyawan', 1, '2010-03-26'),
(112, 'P-0098', 29, 'B-0004', 'karyawan', 1, '2011-07-02'),
(113, 'P-0099', 29, 'B-0004', 'karyawan', 1, '2011-07-02'),
(114, 'P-0100', 29, 'B-0004', 'karyawan', 1, '2011-11-20'),
(115, 'P-0101', 29, 'B-0005', 'koordinator', 1, '2009-06-05'),
(116, 'P-0102', 29, 'B-0005', 'karyawan', 1, '2010-07-05'),
(117, 'P-0103', 29, 'B-0005', 'karyawan', 1, '2010-07-25'),
(118, 'P-0104', 29, 'B-0005', 'karyawan', 1, '2011-10-10'),
(119, 'P-0105', 29, 'B-0005', 'karyawan', 1, '2011-10-11'),
(120, 'P-0106', 29, 'B-0006', 'koordinator', 1, '2010-12-12'),
(121, 'P-0107', 29, 'B-0006', 'karyawan', 1, '2011-11-12'),
(122, 'P-0108', 29, 'B-0006', 'karyawan', 1, '2011-11-12'),
(123, 'P-0109', 29, 'B-0006', 'karyawan', 1, '2012-04-24'),
(124, 'P-0110', 29, 'B-0006', 'karyawan', 1, '2012-05-25'),
(125, 'P-0111', 29, 'B-0007', 'koordinator', 1, '2009-05-15'),
(126, 'P-0112', 29, 'B-0007', 'karyawan', 1, '2010-05-15'),
(127, 'P-0113', 29, 'B-0007', 'karyawan', 1, '2011-06-16'),
(128, 'P-0114', 29, 'B-0007', 'karyawan', 1, '2011-07-20'),
(129, 'P-0115', 29, 'B-0007', 'karyawan', 1, '2012-08-21'),
(130, 'P-0116', 29, 'B-0008', 'koordinator', 1, '2010-10-06'),
(131, 'P-0117', 29, 'B-0008', 'karyawan', 1, '2012-07-07'),
(132, 'P-0118', 29, 'B-0008', 'karyawan', 1, '2012-07-08'),
(133, 'P-0119', 29, 'B-0008', 'karyawan', 1, '2012-09-09'),
(134, 'P-0120', 29, 'B-0008', 'karyawan', 1, '2013-10-09'),
(135, 'P-0121', 34, 'B-0009', 'HRD', 1, '1999-05-03'),
(136, 'P-0122', 34, 'B-0009', 'manager', 1, '2012-12-12');

-- --------------------------------------------------------

--
-- Struktur dari tabel `kriteria`
--

CREATE TABLE `kriteria` (
  `id_kriteria` char(8) NOT NULL,
  `nama_kriteria` varchar(25) NOT NULL,
  `atribut` enum('K','B') NOT NULL
) ENGINE=InnoDB DEFAULT CHARSET=latin1;

--
-- Dumping data untuk tabel `kriteria`
--

INSERT INTO `kriteria` (`id_kriteria`, `nama_kriteria`, `atribut`) VALUES
('K-0001', 'Kejujuran', 'K'),
('K-0002', 'Taat Peraturan', 'K'),
('K-0003', 'Alfa/Absen', 'B'),
('K-0004', 'Kedisiplinan', 'K'),
('K-0005', 'Tanggung Jawab', 'K'),
('K-0006', 'Kebersihan', 'K'),
('K-0007', 'Kerajinan', 'K'),
('K-0008', 'Kreatifitas', 'K'),
('K-0009', 'Kerjasama', 'K'),
('K-0010', 'Senyuman', 'K');

-- --------------------------------------------------------

--
-- Struktur dari tabel `pegawai`
--

CREATE TABLE `pegawai` (
  `no_pegawai` char(8) NOT NULL,
  `nama` varchar(35) NOT NULL,
  `tempat_lahir` varchar(20) NOT NULL,
  `tanggal_lahir` date NOT NULL,
  `jekel` enum('L','P') NOT NULL,
  `agama` varchar(10) NOT NULL,
  `status_perkawinan` varchar(15) NOT NULL,
  `no_telp` char(13) NOT NULL,
  `alamat` varchar(40) NOT NULL,
  `tgl_masuk` date NOT NULL
) ENGINE=InnoDB DEFAULT CHARSET=latin1;

--
-- Dumping data untuk tabel `pegawai`
--

INSERT INTO `pegawai` (`no_pegawai`, `nama`, `tempat_lahir`, `tanggal_lahir`, `jekel`, `agama`, `status_perkawinan`, `no_telp`, `alamat`, `tgl_masuk`) VALUES
('P-0001', 'Lala', 'Bantul', '1990-02-03', 'P', 'Islam', 'Kawin', '085643127677', 'Jalan Bantul no 10 Yogyakarta', '2010-01-20'),
('P-0002', 'Brian', 'Yogyakarta', '1990-06-18', 'L', 'Islam', 'Belum kawin', '089729987678', 'Jalan Veteran no 101 Yogyakarta', '2011-02-10'),
('P-0003', 'Mei ', 'Sleman', '1989-05-15', 'P', 'Islam', 'Belum kawin', '089765432199', 'Kalasan Sleman Yogyakarta', '2012-11-10'),
('P-0004', 'Rafiq', 'Bantul ', '1996-06-13', 'L', 'Islam', 'Belum kawin', '085678901234', 'Jalan Imogiri Barat km 7 Bantul', '2015-07-20'),
('P-0005', 'Riri', 'Bantul', '1996-02-03', 'P', 'Islam', 'Belum kawin', '085137677011', 'Sewon Bantul Yogyakarta', '2015-10-10'),
('P-0006', 'Fahmi', 'Sleman', '1989-02-10', 'L', 'Islam', 'Kawin', '098765432199', 'Sleman Yogyakarta', '2010-03-12'),
('P-0007', 'Rahmad', 'Bantul', '1992-03-12', 'L', 'Islam', 'Kawin', '081327677015', 'Bantul Yogyakarta', '2010-10-12'),
('P-0008', 'Linda', 'Yogyakarta', '1996-11-12', 'P', 'Islam', 'Belum kawin', '082137788977', 'Jalan Kusumanegara', '2012-01-25'),
('P-0009', 'Febri', 'Bantul', '1995-03-10', 'L', 'Islam', 'Belum kawin', '087677577877', 'Kalasan Sleman', '2014-05-02'),
('P-0010', 'Khoir', 'Kulon Progo', '1991-01-01', 'P', 'Islam', 'Kawin', '087977899001', 'Jalan Tamansiswa Yogyakarta', '2016-09-10'),
('P-0011', 'Rohma', 'Bantul', '1990-08-09', 'P', 'Islam', 'Kawin', '087654321000', 'Bantul Yogyakarta', '2010-10-20'),
('P-0012', 'Kartika', 'Yogyakarta', '1992-01-12', 'L', 'Islam', 'Kawin', '089765432111', 'Jalan Abu Bakar Yogyakarta', '2011-02-10'),
('P-0013', 'Yuyun', 'Sleman', '1988-10-11', 'P', 'Islam', 'Kawin', '089765432188', 'Sleman Yogyakarta', '2012-11-10'),
('P-0014', 'Puput', 'Gunungkidul', '1990-10-20', 'P', 'Islam', 'Belum kawin', '087654123321', 'Piyungan Bantul Yogyakarta', '2015-07-02'),
('P-0015', 'Meida', 'Yogyakarta', '1992-03-03', 'P', 'Islam', 'Kawin', '087654321444', 'Jalan Sultan Agung Yogyakarta', '2016-10-10'),
('P-0016', 'Sigit', 'Sleman', '1988-12-27', 'L', 'Islam', 'Kawin', '086543217877', 'Sleman Yogyakarta', '2009-03-10'),
('P-0017', 'Ika', 'Bantul', '1993-03-10', 'P', 'Islam', 'Belum kawin', '089765432100', 'Bantul Yogyakarta', '2010-07-27'),
('P-0018', 'Aldo', 'Gunungkidul', '1990-07-20', 'L', 'Islam', 'Belum kawin', '087654123900', 'Gunungkidul Yogyakarta', '2013-01-21'),
('P-0019', 'Irman', 'Bantul', '1989-09-09', 'L', 'Islam', 'Kawin', '089765432199', 'Bantul Yogyakarta', '2015-11-02'),
('P-0020', 'Laily', 'Yogyakarta', '1996-11-10', 'P', 'Islam', 'Belum kawin', '087654399877', 'Bantul Yogyakarta', '2015-12-02'),
('P-0021', 'Nia', 'Cilacap', '1989-11-20', 'P', 'Islam', 'Kawin', '081234567890', 'Kalasan Sleman', '2009-04-12'),
('P-0022', 'Iwan ', 'Lampung', '1991-11-12', 'L', 'Islam', 'Belum kawin', '085643789654', 'Yogyakarta', '2010-12-10'),
('P-0023', 'Listia', 'Bantul', '1994-08-09', 'P', 'Islam', 'Belum kawin', '089765432188', 'Bantul Yogyakarta', '2011-05-01'),
('P-0024', 'Tata', 'Yogyakarta', '1990-08-08', 'P', 'Islam', 'Belum kawin', '082234567789', 'Yogyakarta', '2014-10-02'),
('P-0025', 'Syamsul', 'Sleman', '1989-12-10', 'L', 'Islam', 'Kawin', '089456789987', 'Sleman', '2014-11-20'),
('P-0026', 'Ibnu', 'Bantul', '1988-09-09', 'L', 'Islam', 'Kawin', '089765876500', 'Bantul Yogyakarta', '2010-10-20'),
('P-0027', 'Ifah', 'Yogyakarta', '1992-09-10', 'P', 'Islam', 'Belum kawin', '087890098765', 'Sleman Yogyakarta', '2011-02-10'),
('P-0028', 'Joko', 'Kulon Progo', '1990-08-07', 'L', 'Islam', 'Kawin', '087654123900', 'Bantul Yogyakarta', '2012-11-10'),
('P-0029', 'Affa', 'Sleman', '1995-08-03', 'P', 'Islam', 'Belum kawin', '087654321900', 'Yogyakarta', '2015-02-02'),
('P-0030', 'Rina', 'Bantul', '1997-07-07', 'P', 'Islam', 'Belum kawin', '086543123444', 'Bantul Yogyakarta', '2015-07-07'),
('P-0031', 'Iput', 'Sleman', '1990-10-12', 'P', 'Islam', 'Belum kawin', '085678987665', 'Sleman Yogyakarta', '2009-02-21'),
('P-0032', 'Fitri', 'Bantul', '1989-01-30', 'P', 'Islam', 'Kawin', '089789654123', 'Bantul Yogyakarta', '2011-09-10'),
('P-0033', 'Ukon', 'Yogyakarta', '1990-09-09', 'L', 'Islam', 'Belum kawin', '087654332221', 'Kulon Progo', '2011-10-11'),
('P-0034', 'Ivan ', 'Gunungkidul', '1991-03-06', 'L', 'Islam', 'Belum kawin', '089765432123', 'Bantul Yogyakarta', '2011-10-11'),
('P-0035', 'Ridwan', 'Yogyakarta', '1990-08-17', 'L', 'Islam', 'Belum kawin', '087654123890', 'Bantul Yogyakarta', '2013-08-25'),
('P-0036', 'Ulil', 'Bantul', '1990-09-17', 'L', 'Islam', 'Belum kawin', '089765432100', 'Bantul Yogyakarta', '2009-05-12'),
('P-0037', 'Minan', 'Yogyakarta', '1991-09-03', 'L', 'Islam', 'Belum kawin', '089001234567', 'Yogyakarta', '2010-12-10'),
('P-0038', 'Agus', 'Sleman', '1992-07-08', 'L', 'Islam', 'Belum kawin', '087690012344', 'Sleman', '2011-11-11'),
('P-0039', 'Dwi', 'Cilacap', '1991-10-09', 'L', 'Islam', 'Kawin', '087654234100', 'Yogyakarta', '2012-08-05'),
('P-0040', 'Nursahid', 'Semarang', '1994-08-02', 'L', 'Islam', 'Belum kawin', '082345678900', 'Bantul Yogyakarta', '2012-08-05'),
('P-0041', 'Agustian', 'Jakarta', '1989-09-08', 'L', 'Islam', 'Kawin', '087654321123', 'Jalan Mataram Yogyakarta', '2010-01-20'),
('P-0042', 'Rini', 'Bantul', '1994-05-27', 'P', 'Islam', 'Belum kawin', '087654321777', 'Jalan Bantul', '2011-02-10'),
('P-0043', 'Jono', 'Yogyakarta', '1990-06-23', 'L', 'Islam', 'Kawin', '087690087700', 'Jalan Kusumanegawa', '2012-11-10'),
('P-0044', 'Endang', 'Sleman', '1992-10-03', '', 'Islam', 'Belum kawin', '083987098890', 'Jalan Tajem Yogyakarta', '2015-07-02'),
('P-0045', 'Riswan', 'Semarang', '1991-09-04', 'L', 'Islam', 'Kawin', '084567890098', 'Jalan Kaliurang Yogyakarta', '2016-09-10'),
('P-0046', 'Arimbi', 'Bantul', '1990-07-07', 'P', 'Islam', 'Belum kawin', '087654321000', 'Jalan Bantul', '2009-08-17'),
('P-0047', 'Pratiwi', 'Yogyakarta', '1990-08-09', 'P', 'Islam', 'Kawin', '087654890001', 'Jalan Kusumadewi Yogyakarta', '2011-09-07'),
('P-0048', 'Galih', 'Sleman', '1991-07-09', 'L', 'Islam', 'Belum kawin', '087654321900', 'Mutihan Bantul', '2011-09-09'),
('P-0049', 'Reza', 'Magelang', '1992-06-03', 'L', 'Islam', 'Belum kawin', '087659001234', 'Jalan Parangtritis', '2013-05-10'),
('P-0050', 'Kiki', 'Sleman', '1991-09-08', 'L', 'Islam', 'Belum kawin', '087654321999', 'Sleman Yogyakarta', '2014-09-04'),
('P-0051', 'Roro', 'Bantul', '1990-09-06', 'P', 'Islam', 'Belum kawin', '087654321999', 'Bantul Yogyakarta', '2010-05-21'),
('P-0052', 'Ari', 'Yogyakarta', '1990-08-09', 'P', 'Islam', 'Kawin', '089765430009', 'Jalan Cendana Yogyakarta', '2010-06-05'),
('P-0053', 'Lifah', 'Sleman', '1995-05-25', '', 'Islam', 'Kawin', '087654321098', 'Jalan Godean', '2010-06-05'),
('P-0054', 'Surya', 'Surabaya', '1992-10-07', 'L', 'Islam', 'Belum kawin', '087908812333', 'Sleman Yogyakarta', '2013-09-10'),
('P-0055', 'Andi', 'Semarang', '1990-09-09', 'L', 'Islam', 'Belum kawin', '089098765890', 'Jalan Wonosari', '2015-09-05'),
('P-0056', 'Fadila', 'Bantul', '1989-06-06', '', 'Islam', 'Belum kawin', '087909876567', 'Jalan Sultan Agung', '2009-12-11'),
('P-0057', 'Husni', 'Kulon Progo', '1990-10-06', 'L', 'Islam', 'Belum kawin', '089909789987', 'Jalan Samas Bantul', '2010-10-05'),
('P-0058', 'Tiwi', 'Jakarta', '1991-10-07', 'P', 'Islam', 'Belum kawin', '089765567123', 'Jalan Wonosari Km 5', '2010-10-05'),
('P-0059', 'Farril', 'Bima', '1992-09-10', 'L', 'Islam', 'Belum kawin', '087906541231', 'Jalan Batikan Yogyakarta', '2014-04-04'),
('P-0060', 'Andika', 'Bandung', '1992-10-08', 'L', 'Islam', 'Belum kawin', '081234567891', 'Jalan Diponegoro Yogyakarta', '2016-04-04'),
('P-0061', 'Andin', 'Yogyakarta', '1990-10-20', 'P', 'Islam', 'Belum kawin', '087987789001', 'Jalan Kapas Yogyakarta', '2009-06-21'),
('P-0062', 'Sarah', 'Bantul', '1995-04-03', 'P', 'Islam', 'Belum kawin', '083456789123', 'Bantul Yogyakarta', '2010-08-20'),
('P-0063', 'Tora', 'Jakarta', '1992-07-05', 'L', 'Islam', 'Belum kawin', '086543213456', 'Jalan Magelang Yogyakarta', '2010-08-20'),
('P-0064', 'Adit', 'Sleman', '1994-10-09', 'L', 'Islam', 'Belum kawin', '082123456777', 'Bantul Yogyakarta', '2013-09-21'),
('P-0065', 'Sanum', 'Yogyakarta', '1992-03-02', 'P', 'Islam', 'Belum kawin', '087654321876', 'Jalan Godean Yogyakarta', '2015-10-02'),
('P-0066', 'Bambang', 'Bantul', '1989-06-06', 'L', 'Islam', 'Kawin', '085678876999', 'Jalan Muja Muju', '2010-11-10'),
('P-0067', 'Riski', 'Sleman', '1990-05-02', 'L', 'Islam', 'Belum kawin', '086543123333', 'Sleman Yogyakarta', '2011-11-10'),
('P-0068', 'Risal', 'Bantul', '1995-02-09', 'L', 'Islam', 'Belum kawin', '089000123000', 'Jalan Imogiri Barat Bantul', '2011-12-10'),
('P-0069', 'Rista', 'Yogyakarta', '1994-04-04', 'P', 'Islam', 'Belum kawin', '081234567800', 'Jalan A. Yani', '2011-12-10'),
('P-0070', 'Lusiana ', 'Bantul', '1995-05-05', 'P', 'Islam', 'Belum kawin', '087654123456', 'Jalan Bantul', '2012-12-12'),
('P-0071', 'Susi', 'Surabaya', '1989-08-07', 'P', 'Islam', 'Belum kawin', '083456789000', 'Jalan Manunggal Yogyakarta', '2011-09-10'),
('P-0072', 'Rara', 'Bantul', '1990-10-02', 'P', 'Islam', 'Belum kawin', '087654321900', 'Jalan Bantul', '2012-09-10'),
('P-0073', 'Dwika', 'Bandung', '1990-08-18', 'L', 'Islam', 'Kawin', '081234567800', 'Jalan Bandungan Yogyakarta', '2012-10-11'),
('P-0074', 'Oki', 'Sleman', '1992-07-13', 'P', 'Islam', 'Kawin', '087658900888', 'Sleman Yogyakarta', '2012-10-11'),
('P-0075', 'Andre', 'Kulon Progo', '1996-06-21', 'L', 'Islam', 'Belum kawin', '087654321000', 'Bantul Yogyakarta', '2015-09-04'),
('P-0076', 'Riris', 'Bantul', '1989-12-30', 'P', 'Islam', 'Kawin', '087654890111', 'Bantul Yogyakarta', '2011-05-05'),
('P-0077', 'Aris', 'Yogyakarta', '1989-12-08', 'L', 'Islam', 'Belum kawin', '087999888777', 'Jalan Abu Bakar Bantul', '2012-06-05'),
('P-0078', 'Likah', 'Sleman', '1992-11-08', 'P', 'Islam', 'Belum kawin', '087990011222', 'Bantul Yogyakarta', '2012-06-05'),
('P-0079', 'Yanto', 'Semarang', '1990-12-19', 'L', 'Islam', 'Belum kawin', '087900100111', 'Sleman, Yogyakarta', '2014-07-07'),
('P-0080', 'Andang', 'Sleman', '1995-05-05', 'L', 'Islam', 'Belum kawin', '087699223311', 'Sleman Yogyakarta', '2014-08-07'),
('P-0081', 'Riska', 'Yogyakarta', '1990-09-09', 'P', 'Islam', 'Belum kawin', '087999666777', 'Jalan Gejayan', '2010-06-26'),
('P-0082', 'Iin', 'Bantul', '1991-05-09', 'P', 'Islam', 'Belum kawin', '087654567888', 'Jalan Samas', '2012-07-26'),
('P-0083', 'Edi', 'Sleman', '1990-07-04', 'L', 'Islam', 'Kawin', '089087657777', 'Sleman Yogyakarta', '2012-07-26'),
('P-0084', 'Anas', 'Bima', '1990-10-10', 'L', 'Islam', 'Belum kawin', '085678987789', 'Kalasan Sleman', '2014-09-05'),
('P-0085', 'Fera', 'Bantul', '1992-02-05', 'P', 'Islam', 'Belum kawin', '085643213456', 'Jalan Pleret Bantul', '2014-09-05'),
('P-0086', 'Sarita', 'Bandung', '1989-12-09', 'P', 'Islam', 'Kawin', '089765432100', 'Jalan Imogiti Timur ', '2008-12-25'),
('P-0087', 'Tia', 'Jakarta', '1990-09-29', 'P', 'Islam', 'Belum kawin', '087654890111', 'Bantul Yogyakarta', '2010-01-02'),
('P-0088', 'Pamungkas', 'Kulon Progo', '1990-02-08', 'L', 'Islam', 'Kawin', '089091234567', 'Kalasan Sleman', '2010-02-03'),
('P-0089', 'Ragil', 'Sleman', '1989-11-05', 'P', 'Islam', 'Kawin', '087654789000', 'Sleman Yogyakarta', '2010-02-03'),
('P-0090', 'Roni', 'Bantul', '1990-11-05', 'L', 'Islam', 'Belum kawin', '089768654123', 'Jalan Sultan Agung', '2014-08-31'),
('P-0091', 'Soraya', 'Bantul', '1990-12-05', 'P', 'Islam', 'Belum kawin', '087909654269', 'Kasihan Bantul', '2009-12-05'),
('P-0092', 'Niken', 'Yogyakarta', '1990-11-05', 'P', 'Islam', 'Belum kawin', '084787541234', 'Jalan Mangkubumi', '2010-11-05'),
('P-0093', 'Ajeng', 'Bantul', '1994-10-10', 'P', 'Islam', 'Belum kawin', '089583169005', 'Jetis Bantul', '2011-07-06'),
('P-0094', 'Asti', 'Ambon', '1995-10-06', 'P', 'Islam', 'Belum kawin', '089184703580', 'Jetis Bantul', '2011-07-08'),
('P-0095', 'Sasa', 'Bantul', '1990-09-07', 'P', 'Islam', 'Belum kawin', '087296190411', 'Bantul Yogyakarta', '2011-07-08'),
('P-0096', 'Susan', 'Bantul', '1990-07-03', 'P', 'Islam', 'Belum kawin', '087654890123', 'Bantul Yogyakarta', '2010-03-25'),
('P-0097', 'Tio', 'Bogor', '1990-10-06', 'L', 'Islam', 'Belum kawin', '089012348712', 'Sleman Yogyakarta', '2010-03-26'),
('P-0098', 'Ririn', 'Sleman', '1992-12-05', 'P', 'Islam', 'Belum kawin', '087182747900', 'Sleman Yogyakarta', '2011-07-02'),
('P-0099', 'Fadli', 'Gunungkidul', '1991-08-23', 'L', 'Islam', 'Belum kawin', '081743985772', 'Jalan Wonosari', '2011-07-02'),
('P-0100', 'Dika', 'Bantul', '1990-12-04', 'L', 'Islam', 'Belum kawin', '082601583910', 'Piyungan Bantul', '2011-11-05'),
('P-0101', 'Aza', 'Bantul', '1990-02-01', 'P', 'Islam', 'Belum kawin', '085180268791', 'Jalan Parangtritis', '2009-06-05'),
('P-0102', 'Falan ', 'Cilacap', '1991-09-07', 'P', 'Islam', 'Belum kawin', '081284147940', 'Jalan Bantul', '2010-07-05'),
('P-0103', 'Fahri', 'Jakarta', '1990-09-08', 'L', 'Islam', 'Belum kawin', '085184823279', 'Sleman Yogyakarta', '2010-07-25'),
('P-0104', 'Azam', 'Semarang', '1992-10-09', 'L', 'Islam', 'Belum kawin', '083287342999', 'Jalan Imam Bonjol', '2011-10-10'),
('P-0105', 'Alma', 'Yogyakarta', '1991-01-01', 'P', 'Islam', 'Belum kawin', '089765437687', 'Jalan Kyai Mojo', '2011-10-11'),
('P-0106', 'Joni', 'Gunungkidul', '1989-09-23', 'L', 'Islam', 'Kawin', '087268927665', 'Jalan Wonosari', '2010-12-12'),
('P-0107', 'Anjani', 'Bantul', '1990-07-06', 'P', 'Islam', 'Belum kawin', '089642457800', 'Jalan Giwangan', '2011-11-12'),
('P-0108', 'Dewi', 'Bantul', '1994-07-07', 'P', 'Islam', 'Belum kawin', '086546788975', 'Jalan Pramuka ', '2011-11-12'),
('P-0109', 'Soni', 'Kulon Progo', '1990-06-23', 'L', 'Islam', 'Belum kawin', '086564567871', 'Sewon Bantul', '2012-04-24'),
('P-0110', 'Ana', 'Sleman', '1992-06-03', 'P', 'Islam', 'Belum kawin', '086753628273', 'Moyudan Sleman', '2012-05-25'),
('P-0111', 'Farah', 'Bantul', '1990-05-03', 'P', 'Islam', 'Belum kawin', '086546789766', 'Bantul Yogyakarta', '2009-05-15'),
('P-0112', 'Lila', 'Cilacap', '1990-05-03', 'P', 'Islam', 'Belum kawin', '085678976541', 'Jalan Imogiri Barat', '2010-05-15'),
('P-0113', 'Zahra', 'Sleman', '1991-10-04', 'L', 'Islam', 'Belum kawin', '089223565761', 'Jalan Solo ', '2011-06-16'),
('P-0114', 'Ozi', 'Purworejo', '1991-07-12', 'L', 'Islam', 'Belum kawin', '087213567843', 'Jalan Mataram', '2011-07-20'),
('P-0115', 'Yogo', 'Sleman', '1990-12-05', 'L', 'Islam', 'Belum kawin', '089625621361', 'Jalan Affandi', '2012-08-21'),
('P-0116', 'Nada ', 'Bantul', '1990-07-03', 'P', 'Islam', 'Belum kawin', '087646788854', 'Jalan Ahmad Dahlan', '2010-10-06'),
('P-0117', 'Lia', 'Bantul', '1990-08-06', 'P', 'Islam', 'Belum kawin', '089655755412', 'Jalan Kusumadewi', '2011-07-07'),
('P-0118', 'Siska', 'Yogyakarta', '1991-10-06', 'P', 'Islam', 'Belum kawin', '089645798765', 'Jalan Sudirman', '2012-07-08'),
('P-0119', 'Koko', 'Bantul', '1990-07-04', 'L', 'Islam', 'Belum kawin', '089765465432', 'Jalan Kyai Mojo', '2012-09-09'),
('P-0120', 'Ali', 'Sleman', '1992-11-05', 'L', 'Islam', 'Belum kawin', '089754567851', 'Jalan Jogja - Solo', '2013-10-09'),
('P-0121', 'Sulistio', 'Yogyakarta', '1972-03-19', 'L', 'Islam', 'Kawin', '082244413456', 'Yogyakarta', '1998-05-12'),
('P-0122', 'Wildan', 'Sleman', '1984-08-01', 'L', 'Islam', 'Kawin', '081234567800', 'Sleman', '2012-12-12');

-- --------------------------------------------------------

--
-- Struktur dari tabel `penilaian`
--

CREATE TABLE `penilaian` (
  `id_nilai` int(11) NOT NULL,
  `id_jabatan` int(11) NOT NULL,
  `tgl_penilaian` date DEFAULT NULL,
  `status` tinyint(1) NOT NULL
) ENGINE=InnoDB DEFAULT CHARSET=latin1;

--
-- Dumping data untuk tabel `penilaian`
--

INSERT INTO `penilaian` (`id_nilai`, `id_jabatan`, `tgl_penilaian`, `status`) VALUES
(26, 15, '2017-11-30', 1),
(27, 16, '2017-11-30', 1),
(28, 17, '2017-11-30', 1),
(29, 18, '2017-11-30', 1),
(30, 19, '2017-11-30', 1),
(31, 20, '2017-11-30', 1),
(32, 21, '2017-11-30', 1),
(33, 22, '2017-11-30', 1),
(34, 23, '2017-11-30', 1),
(35, 24, '2017-11-30', 1),
(36, 25, '2017-11-30', 1),
(37, 26, '2017-11-30', 1),
(38, 27, '2017-11-30', 1),
(39, 28, '2017-11-30', 1),
(40, 29, '2017-11-30', 1),
(41, 30, '2017-11-30', 1),
(42, 31, '2017-11-30', 1),
(43, 32, '2017-11-30', 1),
(44, 33, '2017-11-30', 1),
(45, 34, '2017-11-30', 1),
(46, 35, '2017-11-30', 1),
(47, 36, '2017-11-30', 1),
(48, 37, '2017-11-30', 1),
(49, 38, '2017-11-30', 1),
(50, 39, '2017-11-30', 1),
(51, 50, '2017-11-30', 1),
(52, 51, '2017-11-30', 1),
(54, 53, '2017-11-30', 1),
(55, 54, '2017-11-30', 1),
(56, 40, '2017-11-30', 1),
(57, 41, '2017-11-30', 1),
(59, 43, '2017-11-30', 1),
(60, 44, '2017-11-30', 1),
(61, 45, '2017-11-30', 1),
(62, 46, '2017-11-30', 1),
(63, 47, '2017-11-30', 1),
(64, 48, '2017-11-30', 1),
(65, 49, '2017-11-30', 1),
(66, 52, '2017-11-30', 1),
(67, 56, '2017-11-30', 1),
(68, 42, '2017-11-30', 1),
(69, 58, '2017-11-30', 1),
(70, 59, '2017-11-30', 1),
(71, 60, '2017-11-30', 1),
(72, 61, '2017-11-30', 1),
(73, 62, '2017-11-30', 1),
(74, 63, '2017-11-30', 1),
(75, 64, '2017-11-30', 1),
(77, 66, '2017-11-30', 1),
(78, 67, '2017-11-30', 1),
(79, 68, '2017-11-30', 1),
(80, 69, '2017-11-30', 1),
(82, 71, '2017-11-30', 1),
(83, 72, '2017-11-30', 1),
(84, 73, '2017-11-30', 1),
(85, 74, '2017-11-30', 1),
(86, 75, '2017-11-30', 1),
(87, 76, '2017-11-30', 1),
(88, 77, '2017-11-30', 1),
(89, 78, '2017-11-30', 1),
(90, 79, '2017-11-30', 1),
(91, 80, '2017-11-30', 1),
(92, 81, '2017-11-30', 1),
(93, 82, '2017-11-30', 1),
(94, 83, '2017-11-30', 1),
(95, 84, '2017-11-30', 1),
(101, 65, '2017-11-30', 1),
(102, 91, '2017-11-30', 1),
(103, 92, '2017-11-30', 1),
(104, 93, '2017-11-30', 1),
(105, 94, '2017-11-30', 1),
(106, 55, '2017-11-30', 1),
(107, 57, '2017-11-30', 1),
(108, 90, '2017-11-30', 1),
(109, 95, '2017-11-30', 1),
(110, 96, '2017-11-30', 1),
(111, 97, '2017-11-30', 1),
(112, 98, '2017-11-30', 1),
(113, 99, '2017-11-30', 1),
(115, 101, '2017-11-30', 1),
(116, 102, '2017-11-30', 1),
(117, 103, '2017-11-30', 1),
(118, 104, '2017-11-30', 1),
(119, 105, '2017-11-30', 1),
(120, 106, '2017-11-30', 1),
(121, 107, '2017-11-30', 1),
(122, 108, '2017-11-30', 1),
(123, 109, '2017-11-30', 1),
(129, 115, '2017-11-30', 1),
(130, 116, '2017-11-30', 1),
(131, 117, '2017-11-30', 1),
(132, 118, '2017-11-30', 1),
(133, 119, '2017-11-30', 1),
(134, 120, '2017-11-30', 1),
(135, 121, '2017-11-30', 1),
(136, 122, '2017-11-30', 1),
(137, 123, '2017-11-30', 1),
(138, 124, '2017-11-30', 1),
(144, 130, '2017-11-30', 1),
(145, 131, '2017-11-30', 1),
(146, 132, '2017-11-30', 1),
(147, 133, '2017-11-30', 1),
(148, 134, '2017-11-30', 1),
(149, 125, '2017-11-30', 1),
(150, 126, '2017-11-30', 1),
(151, 127, '2017-11-30', 1),
(152, 128, '2017-11-30', 1),
(153, 129, '2017-11-30', 1),
(154, 110, '2017-11-30', 1),
(155, 111, '2017-11-30', 1),
(156, 112, '2017-11-30', 1),
(157, 70, '2017-11-30', 1),
(158, 114, '2017-11-30', 1),
(159, 113, '2017-11-30', 1),
(160, 85, '2017-11-30', 1),
(161, 86, '2017-11-30', 1),
(162, 87, '2017-11-30', 1),
(163, 88, '2017-11-30', 1),
(164, 89, '2017-11-30', 1),
(165, 100, '2017-11-30', 1);

-- --------------------------------------------------------

--
-- Struktur dari tabel `toko`
--

CREATE TABLE `toko` (
  `id_toko` int(11) NOT NULL,
  `nama_toko` varchar(255) NOT NULL,
  `alamat_toko` text NOT NULL
) ENGINE=InnoDB DEFAULT CHARSET=latin1;

--
-- Dumping data untuk tabel `toko`
--

INSERT INTO `toko` (`id_toko`, `nama_toko`, `alamat_toko`) VALUES
(27, 'Pamella 1', 'Jl. Kusumanegara 135-141 Yogyakarta'),
(28, 'Pamella 2', '	Jl. Pandean 16 Yogyakarta'),
(29, 'Pamella 3', '	Jl. Wonocatur No. 377 Banguntapan Yogyakarta'),
(30, 'Pamella 4', '	Jl. Pramuka No.84 Yogyakarta'),
(31, 'Pamella 6', 'Jl. Raya Candigebang CC. Yogyakarta'),
(32, 'Pamella 7', 'Ds. Bromonillan, Purwomartani, Kalasan,Sleman, Yogyakarta'),
(33, 'Pamella 8', 'Jl. Lowanu 88 Yogyakarta'),
(34, 'All', '');

-- --------------------------------------------------------

--
-- Struktur dari tabel `user`
--

CREATE TABLE `user` (
  `user_name` varchar(25) NOT NULL,
  `password` varchar(15) NOT NULL,
  `hak_akses` int(1) DEFAULT NULL,
  `id_pegawai` char(8) DEFAULT NULL
) ENGINE=InnoDB DEFAULT CHARSET=latin1;

--
-- Dumping data untuk tabel `user`
--

INSERT INTO `user` (`user_name`, `password`, `hak_akses`, `id_pegawai`) VALUES
('admin', 'admin', 0, NULL),
('Brian', 'brian', 4, 'P-0002'),
('Lala', 'lala', 3, 'P-0001'),
('Sulistio', 'sulis', 2, 'P-0121'),
('Wildan', 'wildan', 1, 'P-0122');

-- --------------------------------------------------------

--
-- Struktur dari tabel `usulan`
--

CREATE TABLE `usulan` (
  `id_usulan` int(11) NOT NULL,
  `no_pegawai` char(8) NOT NULL,
  `nama_pegawai` char(50) NOT NULL,
  `nama_toko` varchar(255) NOT NULL,
  `nilai` decimal(10,8) NOT NULL,
  `bagian` varchar(50) NOT NULL,
  `jabatan` varchar(50) NOT NULL,
  `periode` date NOT NULL
) ENGINE=InnoDB DEFAULT CHARSET=latin1;

--
-- Dumping data untuk tabel `usulan`
--

INSERT INTO `usulan` (`id_usulan`, `no_pegawai`, `nama_pegawai`, `nama_toko`, `nilai`, `bagian`, `jabatan`, `periode`) VALUES
(7, 'P-0031', 'Iput', 'Pamella 1', '0.73474747', 'Swalayan', 'koordinator', '2017-11-30'),
(8, 'P-0033', 'Ukon', 'Pamella 1', '0.70568853', 'Swalayan', 'karyawan', '2017-11-30'),
(9, 'P-0032', 'Fitri', 'Pamella 1', '0.51767268', 'Swalayan', 'karyawan', '2017-11-30'),
(10, 'P-0035', 'Ridwan', 'Pamella 1', '0.48059621', 'Swalayan', 'karyawan', '2017-11-30'),
(11, 'P-0034', 'Ivan', 'Pamella 1', '0.29151495', 'Swalayan', 'karyawan', '2017-11-30'),
(12, 'P-0036', 'Ulil', 'Pamella 1', '0.82366641', 'Gudang', 'koordinator', '2017-11-30'),
(13, 'P-0038', 'Agus', 'Pamella 1', '0.82195683', 'Gudang', 'karyawan', '2017-11-30'),
(14, 'P-0107', 'Anjani', 'Pamella 3', '0.81494095', 'Gudang', 'karyawan', '2017-11-30');

--
-- Indexes for dumped tables
--

--
-- Indexes for table `bagian`
--
ALTER TABLE `bagian`
  ADD PRIMARY KEY (`id_bagian`);

--
-- Indexes for table `bobot_penilaian`
--
ALTER TABLE `bobot_penilaian`
  ADD PRIMARY KEY (`id_bobot`),
  ADD KEY `FK_bobot_penilaian_bagian` (`id_bagian`);

--
-- Indexes for table `detail_bobot`
--
ALTER TABLE `detail_bobot`
  ADD PRIMARY KEY (`id_detailbobot`),
  ADD KEY `FK_detail_bobot_bobot_penilaian` (`id_bobot`),
  ADD KEY `FK_detail_bobot_kriteria` (`id_kriteria`);

--
-- Indexes for table `detail_penilaian`
--
ALTER TABLE `detail_penilaian`
  ADD PRIMARY KEY (`id_detailnilai`),
  ADD KEY `FK_detail_penilaian_penilaian` (`id_nilai`),
  ADD KEY `FK_detail_penilaian_detail_bobot` (`id_detailbobot`);

--
-- Indexes for table `jabatan_pegawai`
--
ALTER TABLE `jabatan_pegawai`
  ADD PRIMARY KEY (`id_jabatan`),
  ADD KEY `FK_jabatan_pegawai_pegawai` (`id_pegawai`),
  ADD KEY `FK_jabatan_pegawai_toko` (`id_toko`),
  ADD KEY `FK_jabatan_pegawai_bagian` (`id_bagian`);

--
-- Indexes for table `kriteria`
--
ALTER TABLE `kriteria`
  ADD PRIMARY KEY (`id_kriteria`);

--
-- Indexes for table `pegawai`
--
ALTER TABLE `pegawai`
  ADD PRIMARY KEY (`no_pegawai`);

--
-- Indexes for table `penilaian`
--
ALTER TABLE `penilaian`
  ADD PRIMARY KEY (`id_nilai`),
  ADD KEY `FK_penilaian_jabatan_pegawai` (`id_jabatan`);

--
-- Indexes for table `toko`
--
ALTER TABLE `toko`
  ADD PRIMARY KEY (`id_toko`);

--
-- Indexes for table `user`
--
ALTER TABLE `user`
  ADD UNIQUE KEY `user_name` (`user_name`),
  ADD KEY `FK_user_pegawai` (`id_pegawai`);

--
-- Indexes for table `usulan`
--
ALTER TABLE `usulan`
  ADD PRIMARY KEY (`id_usulan`),
  ADD KEY `no_pegawai` (`no_pegawai`);

--
-- AUTO_INCREMENT for dumped tables
--

--
-- AUTO_INCREMENT for table `bobot_penilaian`
--
ALTER TABLE `bobot_penilaian`
  MODIFY `id_bobot` int(11) NOT NULL AUTO_INCREMENT, AUTO_INCREMENT=33;
--
-- AUTO_INCREMENT for table `detail_bobot`
--
ALTER TABLE `detail_bobot`
  MODIFY `id_detailbobot` int(11) NOT NULL AUTO_INCREMENT, AUTO_INCREMENT=261;
--
-- AUTO_INCREMENT for table `detail_penilaian`
--
ALTER TABLE `detail_penilaian`
  MODIFY `id_detailnilai` int(11) NOT NULL AUTO_INCREMENT, AUTO_INCREMENT=1624;
--
-- AUTO_INCREMENT for table `jabatan_pegawai`
--
ALTER TABLE `jabatan_pegawai`
  MODIFY `id_jabatan` int(11) NOT NULL AUTO_INCREMENT, AUTO_INCREMENT=137;
--
-- AUTO_INCREMENT for table `penilaian`
--
ALTER TABLE `penilaian`
  MODIFY `id_nilai` int(11) NOT NULL AUTO_INCREMENT, AUTO_INCREMENT=166;
--
-- AUTO_INCREMENT for table `toko`
--
ALTER TABLE `toko`
  MODIFY `id_toko` int(11) NOT NULL AUTO_INCREMENT, AUTO_INCREMENT=35;
--
-- AUTO_INCREMENT for table `usulan`
--
ALTER TABLE `usulan`
  MODIFY `id_usulan` int(11) NOT NULL AUTO_INCREMENT, AUTO_INCREMENT=15;
--
-- Ketidakleluasaan untuk tabel pelimpahan (Dumped Tables)
--

--
-- Ketidakleluasaan untuk tabel `bobot_penilaian`
--
ALTER TABLE `bobot_penilaian`
  ADD CONSTRAINT `FK_bobot_penilaian_bagian` FOREIGN KEY (`id_bagian`) REFERENCES `bagian` (`id_bagian`) ON DELETE CASCADE ON UPDATE CASCADE;

--
-- Ketidakleluasaan untuk tabel `detail_bobot`
--
ALTER TABLE `detail_bobot`
  ADD CONSTRAINT `FK_detail_bobot_bobot_penilaian` FOREIGN KEY (`id_bobot`) REFERENCES `bobot_penilaian` (`id_bobot`) ON DELETE CASCADE ON UPDATE CASCADE,
  ADD CONSTRAINT `FK_detail_bobot_kriteria` FOREIGN KEY (`id_kriteria`) REFERENCES `kriteria` (`id_kriteria`) ON DELETE CASCADE ON UPDATE CASCADE;

--
-- Ketidakleluasaan untuk tabel `detail_penilaian`
--
ALTER TABLE `detail_penilaian`
  ADD CONSTRAINT `FK_detail_penilaian_detail_bobot` FOREIGN KEY (`id_detailbobot`) REFERENCES `detail_bobot` (`id_detailbobot`) ON DELETE CASCADE ON UPDATE CASCADE,
  ADD CONSTRAINT `FK_detail_penilaian_penilaian` FOREIGN KEY (`id_nilai`) REFERENCES `penilaian` (`id_nilai`) ON DELETE CASCADE ON UPDATE CASCADE;

--
-- Ketidakleluasaan untuk tabel `jabatan_pegawai`
--
ALTER TABLE `jabatan_pegawai`
  ADD CONSTRAINT `FK_jabatan_pegawai_bagian` FOREIGN KEY (`id_bagian`) REFERENCES `bagian` (`id_bagian`) ON DELETE CASCADE ON UPDATE CASCADE,
  ADD CONSTRAINT `FK_jabatan_pegawai_pegawai` FOREIGN KEY (`id_pegawai`) REFERENCES `pegawai` (`no_pegawai`) ON DELETE CASCADE ON UPDATE CASCADE,
  ADD CONSTRAINT `FK_jabatan_pegawai_toko` FOREIGN KEY (`id_toko`) REFERENCES `toko` (`id_toko`) ON DELETE CASCADE ON UPDATE CASCADE;

--
-- Ketidakleluasaan untuk tabel `penilaian`
--
ALTER TABLE `penilaian`
  ADD CONSTRAINT `FK_penilaian_jabatan_pegawai` FOREIGN KEY (`id_jabatan`) REFERENCES `jabatan_pegawai` (`id_jabatan`) ON DELETE CASCADE ON UPDATE CASCADE;

--
-- Ketidakleluasaan untuk tabel `user`
--
ALTER TABLE `user`
  ADD CONSTRAINT `FK_user_pegawai` FOREIGN KEY (`id_pegawai`) REFERENCES `pegawai` (`no_pegawai`) ON DELETE CASCADE ON UPDATE CASCADE;

--
-- Ketidakleluasaan untuk tabel `usulan`
--
ALTER TABLE `usulan`
  ADD CONSTRAINT `usulan_ibfk_1` FOREIGN KEY (`no_pegawai`) REFERENCES `pegawai` (`no_pegawai`);

/*!40101 SET CHARACTER_SET_CLIENT=@OLD_CHARACTER_SET_CLIENT */;
/*!40101 SET CHARACTER_SET_RESULTS=@OLD_CHARACTER_SET_RESULTS */;
/*!40101 SET COLLATION_CONNECTION=@OLD_COLLATION_CONNECTION */;
